ID,Title,URL,OldPrice,NewPrice,Source
?,Abbington Senior Living,https://app.seniorplace.com/communities/show/ce566b55-5be7-415a-a2d5-fdd81f26bcde,$3945,3945,monthly_base_price
?,Acoya Scottsdale At Troon,https://app.seniorplace.com/communities/show/5d327349-5bcc-472c-9be3-ee5ee8cedf3f,$4995,4995,monthly_base_price
?,Acoya Shea,https://app.seniorplace.com/communities/show/bd140ecf-f482-46a3-9097-dda13dc37447,,4750,memory_care_price_low
?,Alaga Residential Assisted Living,https://app.seniorplace.com/communities/show/b2fd9653-c269-4f0f-ba2f-ad9fd6ef1712,,3000,assisted_living_home_price_low
?,Alta Vista Senior Living Community,https://app.seniorplace.com/communities/show/2456fe26-5793-4ef5-a743-a902e978dfa2,,3800,independent_living_one_bedroom_price_low
?,Amber Creek Memory Care Community,https://app.seniorplace.com/communities/show/4cc5f57f-aeaa-4f55-b0e8-e6cf1ea78921,,6000,memory_care_price_low
?,American Groves Senior Living Lp,https://app.seniorplace.com/communities/show/b64228c7-50cc-43de-8b34-a512bebab6ca,,4150,independent_living_one_bedroom_price_low
?,Amiga 3 Assisted Living,https://app.seniorplace.com/communities/show/0faa2376-2ffb-47b3-b040-694e8f89a9f4,,3500,assisted_living_home_price_low
?,Amira Care,https://app.seniorplace.com/communities/show/d4d17cd8-d52e-4526-829b-8875ab961ffa,,4000,assisted_living_home_price_low
?,Andara Senior Living,https://app.seniorplace.com/communities/show/5479f5b2-f14c-4b5a-8e2f-96cda1294799,,3565,independent_living_one_bedroom_price_low
?,Arbor Ridge,https://app.seniorplace.com/communities/show/cd2fd2cb-9036-4d42-8b43-13728047d570,$2995,2995,monthly_base_price
?,Arrowhead Shore Senior Living,https://app.seniorplace.com/communities/show/e91cdecd-3c03-4329-ad7f-072cbbdf1bf6,,3500,assisted_living_home_price_low
?,Ativo Senior Living Of Yuma,https://app.seniorplace.com/communities/show/3c85189a-1f59-42d0-b675-53e747564162,,3675,independent_living_studio_price_low
?,Atria Bell Court Gardens,https://app.seniorplace.com/communities/show/8b6e281b-3aca-404a-8e99-726555579364,,3495,independent_living_one_bedroom_price_low
?,Atria Chandler Villas,https://app.seniorplace.com/communities/show/bd25ea87-94fe-470f-806c-8c46007f98e6,$2795,2795,monthly_base_price
?,Atrium Assisted Living,https://app.seniorplace.com/communities/show/556649fa-2520-4d87-aa11-108934fa7eb1,,3900,assisted_living_home_price_low
?,Avista Evergreen Village Assisted Living Prescott,https://app.seniorplace.com/communities/show/13bcfb3d-61f2-4299-9e76-6f58e8326361,,3500,independent_living_price_low
?,Avista Senior Living Evergreen Senior Living,https://app.seniorplace.com/communities/show/cf31ac76-7b7a-477b-a9f5-f3449ff39697,,3500,independent_living_price_low
?,Avista Senior Living Lake Havasu,https://app.seniorplace.com/communities/show/df741e72-7ad0-4ab8-b225-cb7dbf8f6bdc,,3400,assisted_living_center_studio_price_low
?,Avista Senior Living Yuma,https://app.seniorplace.com/communities/show/c045a90e-b91b-410a-92ff-7c5d1fe6054c,,2700,assisted_living_price_low
?,Barton House I,https://app.seniorplace.com/communities/show/9fe6e714-ac5b-46ad-bdfa-bc11fc5115e4,,7495,memory_care_price_low
?,Beatitudes Campus,https://app.seniorplace.com/communities/show/bf36039b-5db3-4d71-91bb-97419ad3b2b5,,2995,independent_living_studio_price_low
?,Beautiful Minds Assisted Living,https://app.seniorplace.com/communities/show/4f6a15b0-348a-4eac-8067-2860bc1550d8,$4000,4000,monthly_base_price
?,Bella Vita Residential Assisted Living Llc Las Palmaritas Dr,https://app.seniorplace.com/communities/show/5aee1c96-db32-4110-a9a5-00b699676a53,,8000,assisted_living_home_price_low
?,Belmont Village Scottsdale,https://app.seniorplace.com/communities/show/df08aab7-bc16-4f3b-ae0b-17292fee1cbe,,4500,assisted_living_price_low
?,Bethesda Gardens Phoenix,https://app.seniorplace.com/communities/show/e593a963-cccd-4248-9757-e9c47cf5ce31,,4990,assisted_living_center_studio_price_low
?,Better Living Home,https://app.seniorplace.com/communities/show/c74ca5e4-b33e-4b9d-83df-605d66260b64,$5500,5500,monthly_base_price
?,Blue Iris Assisted Living Gh,https://app.seniorplace.com/communities/show/f68ff1b1-f554-4af1-be0f-96fac794c7d7,$6000,6000,monthly_base_price
?,Blue Sky At Vista,https://app.seniorplace.com/communities/show/211c4f50-16e8-461b-9a2d-91bdff7a47f5,,3500,assisted_living_home_price_low
?,Brookdale North Gilbert,https://app.seniorplace.com/communities/show/a2d8763e-db08-4234-bc72-8a6d3a1b9594,$5400,5400,monthly_base_price
?,Brookdale Tempe,https://app.seniorplace.com/communities/show/5fe513b5-8c8f-41ce-b830-baa98b65d489,,4825,memory_care_price_low
?,Canyon Winds Retirement,https://app.seniorplace.com/communities/show/abbcc562-0053-4920-b842-950ddae4843e,,3900,assisted_living_price_low
?,Cave Creek Assisted Living And Memory Care,https://app.seniorplace.com/communities/show/a061bec0-a07e-4af5-bed0-a89106d329a0,,3995,assisted_living_studio_price_low
?,Chateau Arcadia,https://app.seniorplace.com/communities/show/3f642949-f0cf-403c-883d-5b748412c454,$3500,3500,monthly_base_price
?,Circle Of Life Alzheimer Homes,https://app.seniorplace.com/communities/show/d1858948-b85a-4db5-8797-a75460552a8e,,6800,assisted_living_home_price_low
?,Circle Of Life Alzheimer Homes,https://app.seniorplace.com/communities/show/76477d5d-b9f3-451f-8e90-5c647912acd3,,7500,assisted_living_home_price_low
?,Clearwater Agritopia,https://app.seniorplace.com/communities/show/21d45472-7144-4a48-9c59-3f78fa123ae3,,5080,memory_care_price_low
?,Clearwater Ahwatukee,https://app.seniorplace.com/communities/show/27fa13c6-d52e-441d-ab0b-63233975ad48,,3638,memory_care_price_low
?,Clearwater Mayo Blvd,https://app.seniorplace.com/communities/show/09a83411-4201-4df2-9f2f-3b237ac85b88,$4995,4995,monthly_base_price
?,Clearwater Pinnacle Peak,https://app.seniorplace.com/communities/show/74af2b4b-25f5-4d73-803f-0bc10cade820,,6850,independent_living_one_bedroom_price_low
?,Cloud Resort,https://app.seniorplace.com/communities/show/af4193ad-9b3d-4a52-88e4-cd07e67b8c1b,,6500,assisted_living_home_price_low
?,Colter Luxury Assisted Living,https://app.seniorplace.com/communities/show/b5f2ba3e-0a9b-4c0b-aeff-3a23a0fdac2e,,5500,assisted_living_home_price_low
?,Copper Creek Inn Memory Care Community,https://app.seniorplace.com/communities/show/78f33695-92b8-4ecd-999d-f632d1c5bbdd,,6000,memory_care_price_low
?,Copper Springs Retirement Community,https://app.seniorplace.com/communities/show/7b648a06-47ee-4861-9b31-fb8f15262bff,,3582,independent_living_price_low
?,Creative Care Assisted Living,https://app.seniorplace.com/communities/show/859483d3-40d5-4b33-b2f8-980bd4ecc0e8,$5000,5000,monthly_base_price
?,Crystal Ridge Assisted Living,https://app.seniorplace.com/communities/show/9cd84486-c7f4-43fe-a45b-350d832db543,,6000,assisted_living_home_price_low
?,Davis Place Senior Living,https://app.seniorplace.com/communities/show/ee572916-2ab3-464f-af49-9cd12f21912b,,3775,assisted_living_price_low
?,Daylight Assisted Living,https://app.seniorplace.com/communities/show/147d8b32-1fb7-4e29-b468-6cb30c008567,$4000,4000,monthly_base_price
?,Desert Bloom Home At Desert Cove,https://app.seniorplace.com/communities/show/7416e987-ee7a-4e76-8ad3-1a7b0d59555b,$5000,5000,monthly_base_price
?,Desert Breeze Of Ahwatukee,https://app.seniorplace.com/communities/show/08f13405-068a-4005-9123-a4fe73b68916,,4000,assisted_living_home_price_low
?,Desert Palm At The Park,https://app.seniorplace.com/communities/show/62dd26b7-0b3e-4499-aa72-caa6f0404105,,3500,assisted_living_price_low
?,Desert Palm On 10Th Place Desert Palm Adult Care Ii,https://app.seniorplace.com/communities/show/fa386458-498d-4d0e-93eb-1045f088770c,,4000,assisted_living_home_price_low
?,Desert Springs Gracious Retirement Living,https://app.seniorplace.com/communities/show/b21ab703-c29b-4c61-bf25-aa939471b5ca,,2760,independent_living_price_low
?,Devine Assisted Living,https://app.seniorplace.com/communities/show/c79f15e6-ed70-4c0a-b5b9-674b0ee54501,,3500,assisted_living_home_price_low
?,Discovery Point,https://app.seniorplace.com/communities/show/b22c91a5-20e2-491e-9f86-8e56c6c44d8f,,2140,independent_living_one_bedroom_price_low
?,Estrella Estates Gracious Retirement Living,https://app.seniorplace.com/communities/show/a5a2e16f-7c21-409a-9f42-ca2ac0278df9,,2675,independent_living_studio_price_low
?,Ever After Assisted Living,https://app.seniorplace.com/communities/show/1d8d3fa8-8f53-4f85-ac5c-ff6e45cb1e69,,4400,assisted_living_home_price_low
?,Eyal Llc 2,https://app.seniorplace.com/communities/show/e2b93c30-b950-4f56-8bfa-13c01d852d3e,$3000,3000,monthly_base_price
?,Faith Hope Assisted Living,https://app.seniorplace.com/communities/show/06245877-9c21-4944-b74e-270718d455f0,,4000,assisted_living_home_price_low
?,Fellowship Square Historic Mesa,https://app.seniorplace.com/communities/show/b2318b64-dff4-494d-9ee2-ffd2220f26e1,,2241,independent_living_one_bedroom_price_low
?,Fellowship Square Phoenix,https://app.seniorplace.com/communities/show/4b03b395-c7f7-4756-8e96-fdff3ef57ea9,,2905,independent_living_one_bedroom_price_low
?,Fountain Hills Manor,https://app.seniorplace.com/communities/show/24378d17-9c82-4305-b0d7-b9f024b0b79f,$5000,5000,monthly_base_price
?,Fountain View Village,https://app.seniorplace.com/communities/show/7491fa4f-8f2f-4987-ab2d-ded6b62b0a5c,,5070,independent_living_one_bedroom_price_low
?,Gardens At Ocotillo Senior Livingspectrum Retirement,https://app.seniorplace.com/communities/show/134762f4-4505-4a28-b794-ed618569e57b,$3400,3400,monthly_base_price
?,Gardens Care Scottsdale Formally Truewood By Merrill Gardens,https://app.seniorplace.com/communities/show/c52e3e67-1747-42a5-9a42-fc91b7b9c01c,$4500,4500,monthly_base_price
?,Glassford Place Senior Living,https://app.seniorplace.com/communities/show/dc12d402-396d-48ed-a3b2-e9de3a4daee1,,4300,assisted_living_studio_price_low
?,Glencroft Center For Modern Aging,https://app.seniorplace.com/communities/show/38caedee-74c7-4cf9-a8ad-f4bfbef75627,,2055,independent_living_price_low
?,Golden Summers Care Home Llc Deer Valley,https://app.seniorplace.com/communities/show/3b6f25fb-b591-4289-a061-437c3c204adc,,3000,assisted_living_home_price_low
?,Granite Gate Senior Living,https://app.seniorplace.com/communities/show/98bac21b-dc2a-4226-89bf-874f7da40487,,4100,assisted_living_studio_price_low
?,Hacienda At The River,https://app.seniorplace.com/communities/show/086ebc54-51a6-432b-8847-d818a87772d2,$4370,4370,monthly_base_price
?,Hacienda At The Canyon,https://app.seniorplace.com/communities/show/5dc4260e-6ec4-4ada-b9b5-919170bb6c6f,,4705,independent_living_price_low
?,Hacienda Del Rey,https://app.seniorplace.com/communities/show/87592fb1-dac5-416e-8135-e8fc885dce0d,,4800,assisted_living_price_low
?,Hazelwood Manor Assisted Living,https://app.seniorplace.com/communities/show/92beb47c-88b7-481e-99ee-f60f8577dcf2,,4500,assisted_living_home_price_low
?,Heritage Manor At Lago Del Oro Rally Llc,https://app.seniorplace.com/communities/show/0c014897-27f1-4d1e-a2fb-36ebc8e8adee,,7000,assisted_living_home_price_low
?,Hidden Serenity Home,https://app.seniorplace.com/communities/show/417ea961-2d2f-4cfe-9be0-b00f0ccdcd54,$3500,3500,monthly_base_price
?,Hummingbird Senior Resort Living,https://app.seniorplace.com/communities/show/54b4dff4-e81a-450d-b7b7-ee407780cf31,,4675,assisted_living_studio_price_low
?,Immanuel Campus Of Care,https://app.seniorplace.com/communities/show/951ba43a-27f7-4019-8e08-3ad7214994ea,,1128,independent_living_price_low
?,Inspirations Of River Center,https://app.seniorplace.com/communities/show/a02921e9-30d9-4261-b8cb-3eb6bc474cb5,,3190,assisted_living_price_low
?,Inspirations Of Tempe,https://app.seniorplace.com/communities/show/ee729ee8-c473-4640-b68e-4b9a98531c86,,3680,assisted_living_price_low
?,Isaiahs Angels,https://app.seniorplace.com/communities/show/2fe93d13-86af-45aa-b3c7-29c92e212726,$4500,4500,monthly_base_price
?,Ivy Lane Assisted Living,https://app.seniorplace.com/communities/show/36f9258e-05fa-430b-987b-936a98a270a1,,3500,assisted_living_home_price_low
?,La Sonora At Dove Mountain,https://app.seniorplace.com/communities/show/14fe4d80-91b6-4a82-9ecb-4439a721be09,,3155,independent_living_studio_price_low
?,Las Palomas Senior Livingspectrum Retirement,https://app.seniorplace.com/communities/show/61b2a49f-2049-4ce8-9b82-3bacfb31004c,,600,memory_care_price_low
?,Legacy House Avondale,https://app.seniorplace.com/communities/show/28e5a343-6b65-4398-9ff7-a785c5a5b53a,,2800,assisted_living_center_studio_price_low
?,Lifestream At Glendale,https://app.seniorplace.com/communities/show/25ab6dc9-6ab2-4fd2-b35a-d4c937e9151d,$1695,1695,monthly_base_price
?,Lifestream At North Phoenix,https://app.seniorplace.com/communities/show/467842e7-05ac-4033-b835-2a38536aac47,,2490,independent_living_price_low
?,Lone Mountain Memory Carespectrum Retirment,https://app.seniorplace.com/communities/show/67f52157-f676-4be3-a15c-9f9a699b8618,,5410,memory_care_price_low
?,Lovely House,https://app.seniorplace.com/communities/show/f236bba6-7280-4292-8ede-c2562e8cec03,$3500,3500,monthly_base_price
?,Madison Meadows Managed By Sunshine,https://app.seniorplace.com/communities/show/38eed568-3edb-4cb2-8f7b-cc7d44761b5b,$2000,2000,monthly_base_price
?,Maravilla Scottsdale,https://app.seniorplace.com/communities/show/d031b362-3994-468e-8095-31fedef2df56,,3835,independent_living_one_bedroom_price_low
?,Morningstar At Arcadia,https://app.seniorplace.com/communities/show/1ad6edea-7e30-40d4-9687-2619748c8472,$4650,4650,monthly_base_price
?,Mosaic Garden Memory Care At Scottsdale,https://app.seniorplace.com/communities/show/18a9dca8-5ee1-490c-80ed-7cfa1c9213b6,,5995,memory_care_price_low
?,Mosiac Gardens,https://app.seniorplace.com/communities/show/5b4bf30b-a44b-4086-b5d4-50c02738e25a,,5995,memory_care_price_low
?,Mountain Park Senior Livingspectrum Retirement,https://app.seniorplace.com/communities/show/2bab788c-6b29-486a-a3bc-dc22ae69fdf2,,3340,independent_living_studio_price_low
?,Neighbors Assisted Living North,https://app.seniorplace.com/communities/show/d523c7e9-befe-4801-a40c-867f6527e62f,$5500,5500,monthly_base_price
?,Neighbors Assisted Living South,https://app.seniorplace.com/communities/show/c0c62961-0279-4a48-99a7-97a28f61d599,,5500,assisted_living_center_studio_price_low
?,North Gardens Of Scottsdale Assisted Living,https://app.seniorplace.com/communities/show/f9ef677b-299e-4596-a519-55a4d00f8e60,,7000,assisted_living_home_price_low
?,North Scottsdale Retreat,https://app.seniorplace.com/communities/show/9bb70d91-dab8-4be9-9a01-5f8efd53ce94,$5000,5000,monthly_base_price
?,Oakbrook Assisted Living,https://app.seniorplace.com/communities/show/cacfa1a3-a721-4198-a35f-3cc461a8ca1d,$8000,8000,monthly_base_price
?,Oasis At Mesa Palms,https://app.seniorplace.com/communities/show/2864f0ff-b679-4645-a565-8533266774db,,1995,independent_living_one_bedroom_price_low
?,Orchard Pointe At Surprise,https://app.seniorplace.com/communities/show/41514c81-2963-48d7-bfff-0bc1a151a944,,4784,memory_care_price_low
?,Page Springs Living,https://app.seniorplace.com/communities/show/572061a2-7df7-4801-b3bd-d95592554671,,5000,assisted_living_home_price_low
?,Palos Verdes Senior Livingspectrum Retirement,https://app.seniorplace.com/communities/show/11f257c4-d2fa-4993-b30b-05e64ccea89f,,2505,independent_living_price_low
?,Park At Surprise,https://app.seniorplace.com/communities/show/c3ca8261-e849-437f-af4c-f1f4d8c86af7,$3200,3200,monthly_base_price
?,Park Terrace Senior Living Independent,https://app.seniorplace.com/communities/show/84482bb6-6a6a-4ecb-a7bb-954fd35eb701,,2095,independent_living_price_low
?,Parkland Memory Care,https://app.seniorplace.com/communities/show/fecda177-944e-4675-962f-99fc3709331a,,6300,memory_care_price_low
?,Providence Manoir Assisted Living,https://app.seniorplace.com/communities/show/67fe488f-b5d0-4b4f-9212-aaac466f7874,,3500,assisted_living_home_price_low
?,Rancho Ciello Low Income 55 Apartments No Referral Fee But Good To Refer,https://app.seniorplace.com/communities/show/f46ce20b-0fb3-4900-84f8-e32e52f4625d,,654,independent_living_one_bedroom_price_low
?,Revel Mcdowell Mountain,https://app.seniorplace.com/communities/show/78ac3ee1-1012-4b1b-92c8-94ee02c0689f,,3610,independent_living_studio_price_low
?,Revel Scottsdale,https://app.seniorplace.com/communities/show/c8353d03-3d8c-4009-935d-92052221d645,,3455,independent_living_price_low
?,Ridges At Peoria,https://app.seniorplace.com/communities/show/6265161f-1a89-4121-b93a-a049d215e827,$3400,3400,monthly_base_price
?,Rustic Ranch Formerly My Fathers Retirement Ranch,https://app.seniorplace.com/communities/show/7710a33c-6f9d-419f-b5b1-51ffbb893f69,$3200,3200,monthly_base_price
?,Santorini Villas Assisted Living,https://app.seniorplace.com/communities/show/1f5a661e-959f-46c3-bc88-70704d13f172,2750.0,2700,monthly_base_price
?,Savanna House Assisted Living Memory Care,https://app.seniorplace.com/communities/show/b48eecb2-991c-439e-9982-8f9d4cb3c317,$4700,4700,monthly_base_price
?,Sheridan Lane Assisted Living,https://app.seniorplace.com/communities/show/4fe89b5d-c2cb-466e-bba3-f9960eedad10,,5500,memory_care_price_low
?,Sierra Del Sol,https://app.seniorplace.com/communities/show/b67f963e-7dd7-478a-8865-b6c191056334,,2585,assisted_living_studio_price_low
?,Silver Creek Assisted Living Ii Go To,https://app.seniorplace.com/communities/show/985fb42c-f5fd-46fd-a2e6-443ea5056f9f,,5500,assisted_living_home_price_low
?,Silver Creek Inn Memory Care Community,https://app.seniorplace.com/communities/show/fb912f64-f4c9-4f76-aa76-3da60ed8eb7b,,6000,memory_care_price_low
?,Solana Senior Living,https://app.seniorplace.com/communities/show/06513774-5e1f-4248-862b-e79346f8b71e,$6000,6000,monthly_base_price
?,Solstice Senior Living Sun City West,https://app.seniorplace.com/communities/show/17242a16-e8ae-47ee-ac9a-86791cdbc0c1,,2650,independent_living_price_low
?,Solterra Senior Living White Mountain,https://app.seniorplace.com/communities/show/1eeeef12-92bd-48f7-9da9-2903eb834aac,,3565,assisted_living_price_low
?,Sonoran Sky Assisted Living Ii,https://app.seniorplace.com/communities/show/e3482c46-76ee-437c-9507-96312e18c46f,$5700,5700,monthly_base_price
?,Springdale Village Healthcare,https://app.seniorplace.com/communities/show/f28fef37-01c1-4268-933c-e089faa5b4c9,,1399,independent_living_price_low
?,Starfish Care Homes,https://app.seniorplace.com/communities/show/38ec3543-cef7-40f6-9b05-bc5cd240daf3,$4000,4000,monthly_base_price
?,Starfish Care Homes,https://app.seniorplace.com/communities/show/b4b35ad5-7350-48e7-9dcb-90e236d88d77,$4000,4000,monthly_base_price
?,Starfish Care Homes Midtown A,https://app.seniorplace.com/communities/show/e04eff61-f381-4f85-bd7f-94bc549dceba,$4000,4000,monthly_base_price
?,Starfish Care Homes Midtown B,https://app.seniorplace.com/communities/show/c9401476-7e3e-490a-982a-1e3a56ba7488,$4000,4000,monthly_base_price
?,Starfish Care Homes Old Spanish Trail,https://app.seniorplace.com/communities/show/087fbb75-fd95-4b92-b88e-c3f17698d6fb,$4000,4000,monthly_base_price
?,Starfish Care Homes Rolling Hills,https://app.seniorplace.com/communities/show/4a30610a-078b-4fe6-8c04-9b087d6bb3d6,$4000,4000,monthly_base_price
?,Starfish Care Homes Indian Ridge,https://app.seniorplace.com/communities/show/6906b4ff-26e6-43b1-8636-e677a54fd752,$4000,4000,monthly_base_price
?,Starfish Care Homes,https://app.seniorplace.com/communities/show/25f1a061-3671-42c9-86ed-b8f3a2ae6352,$4000,4000,monthly_base_price
?,Starfish Care Homes,https://app.seniorplace.com/communities/show/ac8210e7-07d9-4eea-a906-f8e352c97995,$4000,4000,monthly_base_price
?,Starfish Care Homes,https://app.seniorplace.com/communities/show/0b5734e3-bdc4-4450-8be2-d8a041d82d10,$4000,4000,monthly_base_price
?,Starfish Care Homes,https://app.seniorplace.com/communities/show/d4ce9ecc-9643-4799-bdbc-6b330c71d1f8,$4000,4000,monthly_base_price
?,Starfish Care Homes,https://app.seniorplace.com/communities/show/a5890e7c-470e-49cf-ad58-2cbb9058be30,$4000,4000,monthly_base_price
?,Starfish Care Homes,https://app.seniorplace.com/communities/show/5eafaacf-51f3-44a8-85d2-bf57e375ac6b,$4000,4000,monthly_base_price
?,Starfish Care Homes Llc River Hills,https://app.seniorplace.com/communities/show/e0490b9f-4def-4465-9e88-2d827c7524f8,$4000,4000,monthly_base_price
?,Sunflower Assisted Living,https://app.seniorplace.com/communities/show/27fb3ba9-d71f-4053-a0ba-e544ed2840a8,$5000,5000,monthly_base_price
?,Sunshine Village,https://app.seniorplace.com/communities/show/460e7637-0f44-42d0-b055-ab44928adfc1,,5300,memory_care_price_low
?,Suntown Assistance Home,https://app.seniorplace.com/communities/show/253f3274-6ac9-4fb0-9e4c-3204b8878f46,,5000,assisted_living_home_price_low
?,Terra Pointe Memory Care,https://app.seniorplace.com/communities/show/33202896-1027-4062-b0d2-0886daa2b305,,5900,memory_care_price_low
?,The Cottages Of Tucson,https://app.seniorplace.com/communities/show/46261a4a-d3df-4e22-b248-5dc78219d725,,5490,assisted_living_studio_price_low
?,The Enclave At Anthem Senior Livingspectrum Retirement,https://app.seniorplace.com/communities/show/cd742145-aafa-4c90-8ce5-e3a77482ed3c,,3175,monthly_base_price
?,The Enclave At Chandler Senior Living Spectrum Retirement,https://app.seniorplace.com/communities/show/7eed1b9b-d443-4a13-bc46-bb13e5d2193c,$4400,4400,monthly_base_price
?,The Enclave At Gilbert Senior Living Spectrum Retirement,https://app.seniorplace.com/communities/show/2c06df69-a940-425a-ad3d-150785ca9204,,3990,memory_care_price_low
?,The Forum At Desert Harbor,https://app.seniorplace.com/communities/show/5223fb6a-1604-43d7-a8c5-b8ab8b7be5a5,,2400,assisted_living_studio_price_low
?,The Gardens Of Sun City,https://app.seniorplace.com/communities/show/1ce6fdbb-3577-4ce0-aa73-204ec462e82b,,2100,assisted_living_center_studio_price_low
?,The Groves Assisted Living And Memory Care,https://app.seniorplace.com/communities/show/b190c659-f49d-44eb-84fd-7fc5927864fb,,3210,assisted_living_center_studio_price_low
?,The Heritage At Carefree Senior Living,https://app.seniorplace.com/communities/show/8a9ffda2-cfe5-4d60-a1e9-91e6b2c5fbdb,$4900,4900,monthly_base_price
?,The Heritage Tradition,https://app.seniorplace.com/communities/show/733bf09a-4bf3-4890-a74c-2926fb94642c,,4615,independent_living_one_bedroom_price_low
?,The Hillsman House,https://app.seniorplace.com/communities/show/53953549-e5e8-4870-a9b9-c84f642ed177,,5000,assisted_living_home_price_low
?,The Oasis At Fellowship Square Tucson,https://app.seniorplace.com/communities/show/a41593b2-8a7a-4a62-bc93-8e7935d7c0fc,,1810,independent_living_studio_price_low
?,The Palms At Sun City,https://app.seniorplace.com/communities/show/64a88ddd-9212-4c2c-b2f6-dbfca3ee3876,,2880,independent_living_price_low
?,The Park At Copper Creek,https://app.seniorplace.com/communities/show/15b99236-35f3-4345-ab43-0ef72d4a457e,,4000,independent_living_studio_price_low
?,The Peaks A Senior Living Community,https://app.seniorplace.com/communities/show/758391c5-a759-499e-a072-c57661866c28,,4290,monthly_base_price
?,The Retreat At Alameda,https://app.seniorplace.com/communities/show/523ca53e-e08b-4ff1-bc27-540d06efc281,,3574,independent_living_price_low
?,The Views At Lake Havasu,https://app.seniorplace.com/communities/show/4f8e7e42-d1c0-4fae-867a-43b565db8b1f,,2990,independent_living_studio_price_low
?,The Villas At Academy Village,https://app.seniorplace.com/communities/show/629ab864-fa84-4e47-853b-a8e5185200a2,,2750,assisted_living_price_low
?,Tuscany Mccormick Ranch,https://app.seniorplace.com/communities/show/6f456d96-3b3d-4f5b-9c9e-bd1010a90fb9,$4600,4600,monthly_base_price
?,Valencia Home At 60Th,https://app.seniorplace.com/communities/show/2aa37d0f-9892-4757-b9a4-58c6b950fc2e,$4000,4000,monthly_base_price
?,Via Elegante Sierra Vista Canyons,https://app.seniorplace.com/communities/show/4b5645de-6c7f-4c7e-adff-709521dbea7f,,6500,assisted_living_price_low
?,Villa Fiore Assisted Living,https://app.seniorplace.com/communities/show/cc2d5d12-4713-4c8e-8700-f9d3b8c58cd5,,5500,memory_care_price_low
?,Villa Jean,https://app.seniorplace.com/communities/show/8ef1dfff-f0ed-4b54-ba12-6d019ad4a538,,3800,assisted_living_home_price_low
?,Villa Ocotillo Assisted Living,https://app.seniorplace.com/communities/show/153760fc-3c38-4fce-9586-21483a23b379,,3360,assisted_living_price_low
?,Villas At Green Valley,https://app.seniorplace.com/communities/show/155bc19c-39e1-45ba-ac1e-66b5703f7514,,6295,assisted_living_studio_price_low
?,Vista Del Rio,https://app.seniorplace.com/communities/show/9f4f243d-f3c9-4516-8efe-2acecec821f0,,2300,independent_living_price_low
?,Vista Pointe At Sierra Vista,https://app.seniorplace.com/communities/show/954791fb-dfab-4569-8995-8da90244bb2c,,4850,assisted_living_price_low
?,Vista Winds Independent Living,https://app.seniorplace.com/communities/show/f5166c03-7023-4b9f-99e2-1e23e6f244b0,$3000,3000,monthly_base_price
?,Willow Creek Assisted Living,https://app.seniorplace.com/communities/show/43a4ffeb-32cc-4e8e-85cf-fa56ca77bde1,$6000,6000,monthly_base_price
?,Willow Wind Assisted Living,https://app.seniorplace.com/communities/show/28cdacab-239e-43aa-bf15-af850c94264d,,4373,assisted_living_one_bedroom_price_low
?,Wooddale Village,https://app.seniorplace.com/communities/show/390510a3-c2e0-48d9-b208-d6a84df60b79,,2255,independent_living_one_bedroom_price_low
?,Abbington Manor Al I,https://app.seniorplace.com/communities/show/658dad7d-865e-41de-8960-9abea14ca467,,2625,independent_living_studio_price_low
?,Acoya Cherry Creek,https://app.seniorplace.com/communities/show/a5c0e6b5-8477-4073-82bd-126868e2776f,$3900,3900,monthly_base_price
?,Altavita Assisted Living,https://app.seniorplace.com/communities/show/bd62479e-8209-4acf-81dc-ef43f077e879,,6100,assisted_living_studio_price_low
?,Amira Choice Arvada,https://app.seniorplace.com/communities/show/17a08bc6-8e18-46a3-b719-ae23da2943c8,,3500,independent_living_studio_price_low
?,Arbor Village At Hillcrest,https://app.seniorplace.com/communities/show/3d0e280d-cbb3-4794-8d90-f7f31e469f98,,3095,independent_living_price_low
?,Ashely Manor Cory Lane,https://app.seniorplace.com/communities/show/008242a1-d19d-411a-9a7e-b1384088097d,,4000,monthly_base_price
?,Ashford Memory Care,https://app.seniorplace.com/communities/show/f4210248-4a4a-4eac-8c9d-9a5325a75087,,4100,assisted_living_price_low
?,Aspen House 1,https://app.seniorplace.com/communities/show/18398b31-d0d3-4d86-b09f-cf21c3550cde,$5250,5250,monthly_base_price
?,Aspen Ridge Residences Of Lehi,https://app.seniorplace.com/communities/show/e12156c6-4761-4720-9097-aacedd179891,,3100,independent_living_studio_price_low
?,Aspens At Fort Collins,https://app.seniorplace.com/communities/show/f50785d1-d8e3-4cbd-b1bc-43e8de4d07d5,$6600,6600,monthly_base_price
?,Assured Senior Living Arvada,https://app.seniorplace.com/communities/show/cb2bd251-e3d6-47b3-ae66-f42be7c2d6cc,$6000,6000,monthly_base_price
?,Assured Senior Living Wagon Trail,https://app.seniorplace.com/communities/show/5b1081e1-afc8-4f7f-b979-e652307194c1,,6500,memory_care_price_low
?,Ativo Senior Living Of Albuquerque,https://app.seniorplace.com/communities/show/971a41d4-21a1-486c-9dca-00dea6fd030a,$4250,4250,monthly_base_price
?,Atria Longmont,https://app.seniorplace.com/communities/show/5a339bdd-9a8e-4201-9022-e58fb988dd6a,$5595,5595,monthly_base_price
?,Atria Valley Manor,https://app.seniorplace.com/communities/show/5fd19859-ec26-4c11-9346-926ace6967e4,$2095,2095,monthly_base_price
?,Autumn Care Living Center Building 1,https://app.seniorplace.com/communities/show/9cf333f2-f762-4d44-8f17-a0409bece751,$5800,5800,monthly_base_price
?,Autumn Care Living Center Building 2,https://app.seniorplace.com/communities/show/902da37b-8cbf-4ec8-b991-efee7b2188ec,,5800,memory_care_price_low
?,Avamere At Mountain Ridge,https://app.seniorplace.com/communities/show/deabba6f-9b19-45d9-b7f1-fbe31b4719dc,,3480,assisted_living_studio_price_low
?,Avamere At Rio Rancho,https://app.seniorplace.com/communities/show/5dd25ee5-c78b-4e89-863e-0aa31cf917d1,,3240,independent_living_two_bedroom_price_low
?,Avista Senior Living Garden City,https://app.seniorplace.com/communities/show/0fec588e-10c0-423e-aab2-c9ef08d2c85d,,3200,assisted_living_studio_price_low
?,Balfour At Central Park,https://app.seniorplace.com/communities/show/904604a4-c918-4e4f-a371-2ac7223b7f41,$5000,5000,monthly_base_price
?,Balfour At Lavender Farms,https://app.seniorplace.com/communities/show/09e82f43-8dca-4593-9aca-2081119e64cd,$5900,5900,monthly_base_price
?,Balfour At Littleton,https://app.seniorplace.com/communities/show/6ace30d8-12bf-41c2-bbc8-9f38582c6f87,,7900,assisted_living_one_bedroom_price_low
?,Balfour At Longmont,https://app.seniorplace.com/communities/show/a63256a3-0caf-4791-8844-7a1cb88798ed,,8100,assisted_living_one_bedroom_price_low
?,Balfour At Riverfront Park,https://app.seniorplace.com/communities/show/2ced436d-b81c-429a-9048-a67aa6d19e20,$5700,5700,monthly_base_price
?,Balfour Cherrywood Village,https://app.seniorplace.com/communities/show/d068759d-d78a-4a4f-8f99-b2211b800bdc,,7950,memory_care_price_low
?,Balfour Retirement Community,https://app.seniorplace.com/communities/show/695f2036-ba6e-4298-936a-cd26f9ba0e74,,5900,assisted_living_one_bedroom_price_low
?,Barton Creek Senior Living,https://app.seniorplace.com/communities/show/3479eb2d-547e-4568-9e2a-a341162a07cc,$3900,3900,monthly_base_price
?,Bear Canyon Estates Sky Active Living,https://app.seniorplace.com/communities/show/d5feece5-c4ac-4234-9e79-242cbda16018,,2800,independent_living_price_low
?,Bear Creek Senior Living Stellar Community,https://app.seniorplace.com/communities/show/3fe4e4e9-0201-44b4-845a-ccfd9f46f590,,3424,assisted_living_price_low
?,Beatrice Hover Assisted Living Residence,https://app.seniorplace.com/communities/show/46e8106e-678d-4b11-9ef0-3b01d003cfb0,$5100,5100,monthly_base_price
?,Bel Aire Senior Living,https://app.seniorplace.com/communities/show/707b1001-aa65-4b28-a733-92c828bfcd73,,3000,assisted_living_home_price_low
?,Bethesda Gardens Monument,https://app.seniorplace.com/communities/show/56e5264d-c46a-4b03-88c1-4e0c6f994593,,4500,memory_care_price_low
?,Birch Creek Assisted Living,https://app.seniorplace.com/communities/show/2a1db854-9ea6-4266-821c-1ff491b2eba6,,4550,assisted_living_price_low
?,Bonaventure Of Castle Rock,https://app.seniorplace.com/communities/show/df1b8a5b-dcd5-4356-b92c-50918dfdef0b,,4340,independent_living_price_low
?,Bonaventure Of Pueblo,https://app.seniorplace.com/communities/show/1125fc12-4556-4036-8214-45a3b06eeab9,$4020,4020,monthly_base_price
?,Bonaventure Of Thornton,https://app.seniorplace.com/communities/show/b986a0c7-e9eb-40d6-984c-065d42acce6a,$4290,4290,monthly_base_price
?,Bridge Assisted Lvg At Life Care Ctr Longmont,https://app.seniorplace.com/communities/show/ad6297ec-36d3-42da-b841-d52625675fc1,$4400,4400,monthly_base_price
?,Bridge At Alamosa The,https://app.seniorplace.com/communities/show/22855926-c2d2-431e-942a-fefa4883d25e,$2495,2495,monthly_base_price
?,Brighton House Of Riverton,https://app.seniorplace.com/communities/show/d036f53d-ef84-4bbb-a9d2-2e1708d2d370,$4200,4200,monthly_base_price
?,Brighton House Of South Jordan See Also Brighton House Of Riverton,https://app.seniorplace.com/communities/show/ba096424-287f-464b-9259-106d9a057f31,$4400,4400,monthly_base_price
?,Brightstar Care Homes Prickly Pear,https://app.seniorplace.com/communities/show/e1c1601e-24b1-45da-8edf-a72f5caf56c7,,8500,assisted_living_price_low
?,Broadway Proper Assisted Senior Living,https://app.seniorplace.com/communities/show/2514533c-68ae-45fd-8f3d-366383864bfe,,2605,monthly_base_price
?,Brookdale Arvada,https://app.seniorplace.com/communities/show/6f593aa3-84df-44ec-9ee4-8be3dec42aa2,$5900,5900,monthly_base_price
?,Brookdale Boise Parkcenter,https://app.seniorplace.com/communities/show/0841c367-4516-43e6-a493-a6543b5c9a8b,,4995,assisted_living_studio_price_low
?,Brookdale Boise Parkcenter Independent Living,https://app.seniorplace.com/communities/show/4edd282b-847c-4066-9a21-c147c1570ca9,,4300,independent_living_price_low
?,Brookdale Boulder Creek,https://app.seniorplace.com/communities/show/20e119f0-e5e2-4c85-8aa6-6cb21826cac3,,6285,assisted_living_studio_price_low
?,Brookdale Broadmoor,https://app.seniorplace.com/communities/show/caf50329-4f0d-4af3-8cbf-ea74319d931a,,4500,assisted_living_price_low
?,Brookdale El Camino,https://app.seniorplace.com/communities/show/f77bc57e-3d22-4320-9839-a34ae5b82755,,5665,assisted_living_one_bedroom_price_low
?,Brookdale Fort Collins Mc Co,https://app.seniorplace.com/communities/show/aaf331d8-71c7-45e3-84c4-bbbdb79e4af7,,5675,assisted_living_studio_price_low
?,Brookdale Greenwood Village,https://app.seniorplace.com/communities/show/55b425bf-061e-443e-bf8a-323d3b589a32,,3250,independent_living_price_low
?,Brookdale Highlands Ranch,https://app.seniorplace.com/communities/show/a9942c6d-e418-4ca5-ad53-dd84dd42cb52,$5795,5795,monthly_base_price
?,Brookdale Longmont,https://app.seniorplace.com/communities/show/d43c7e3e-4725-4e02-8b1d-7bf150930ade,$5660,5660,monthly_base_price
?,Brookdale Lowry,https://app.seniorplace.com/communities/show/09fc9329-ed28-4c53-985f-7f88cc5065d6,$5595,5595,monthly_base_price
?,Brookdale Meridian Arvada,https://app.seniorplace.com/communities/show/f45b270a-cf33-4a61-b330-28a70477fe99,,3920,independent_living_one_bedroom_price_low
?,Brookdale Meridian Boulder,https://app.seniorplace.com/communities/show/e7d77899-f104-4dbb-8676-5dddc368e3c6,,5505,independent_living_price_low
?,Brookdale Meridian Englewood,https://app.seniorplace.com/communities/show/b6cc7b45-4bbe-40aa-b075-5d0e7bc5cc8a,,4000,independent_living_one_bedroom_price_low
?,Brookdale Meridian Lakewood,https://app.seniorplace.com/communities/show/06f1485b-e4bd-465c-b74c-c449a5bbd851,,3000,independent_living_price_low
?,Brookdale Meridian Westland,https://app.seniorplace.com/communities/show/ddf9395a-39e3-4414-95d2-9c55ccf3bcb9,,3000,independent_living_one_bedroom_price_low
?,Brookdale Monument Valley Park,https://app.seniorplace.com/communities/show/f9168f5a-9b8d-4108-ad39-0d4615caded0,,4779,assisted_living_studio_price_low
?,Brookdale North Boulder,https://app.seniorplace.com/communities/show/6e195306-5ce4-406b-911a-6820c1dcd8bf,,3770,independent_living_price_low
?,Brookdale Parkplace,https://app.seniorplace.com/communities/show/2ec5607f-a6ef-4f90-85b1-bdf749549085,,3740,assisted_living_price_low
?,Brookdale Pinehurst Park,https://app.seniorplace.com/communities/show/87ed496b-dfaa-4010-ae99-4bf0fe4a5345,$8220,8220,monthly_base_price
?,Brookdale Santa Fe,https://app.seniorplace.com/communities/show/b00dae17-478f-4d0b-b70a-185eb6fad31f,$2575,2575,monthly_base_price
?,Brookdale Skyline Ccrc,https://app.seniorplace.com/communities/show/0f70a2d2-c23e-47cd-9e47-313f4697c8e8,,3045,independent_living_price_low
?,Brookdale Tamarac Square,https://app.seniorplace.com/communities/show/44fdc751-e9e3-4c56-88ef-7a93605de2f4,$2968,2968,monthly_base_price
?,Brookdale Tramway Ridge,https://app.seniorplace.com/communities/show/d1f74fcc-ab35-4c7a-8d35-99be506bb0ad,,4276,assisted_living_studio_price_low
?,Brookdale University Park,https://app.seniorplace.com/communities/show/852659b8-18a9-4d36-8bcd-f1ddf735b982,,2750,independent_living_studio_price_low
?,Brookdale Valencia,https://app.seniorplace.com/communities/show/9d51495c-37cb-4191-8701-3eab7d4eb89f,,2660,independent_living_one_bedroom_price_low
?,Brookdale Vista Grande,https://app.seniorplace.com/communities/show/1a061cc2-bce8-4cda-bd64-81eae340a610,,3305,assisted_living_studio_price_low
?,Brooklyn House,https://app.seniorplace.com/communities/show/3547360b-d3a8-4434-89d5-68a30e704f15,,6500,memory_care_price_low
?,Cache Valley Assisted Living,https://app.seniorplace.com/communities/show/055cb88e-86e6-45b4-9233-41ef6ffff12a,,4000,independent_living_studio_price_low
?,Cappella Of Grand Junction,https://app.seniorplace.com/communities/show/57c07158-32f0-494a-8fc0-b3fd97af7a9c,,4855,assisted_living_studio_price_low
?,Carillon At Belleview Station The,https://app.seniorplace.com/communities/show/7f38ba48-55fd-4035-a7db-23d198625d45,$4995,4995,monthly_base_price
?,Castle Rock Assisted Living 1,https://app.seniorplace.com/communities/show/e9ee31dc-900e-4849-be5b-59fcb4c9521e,$5500,5500,monthly_base_price
?,Castle Rock Assisted Living Ii,https://app.seniorplace.com/communities/show/efa95d17-271c-4ecf-b31e-6a72526eb14e,,6500,assisted_living_price_low
?,Cedarwood At Sandy Assisted Living,https://app.seniorplace.com/communities/show/ddc62b1d-b00d-4bdc-8c49-883f2736020b,$3250,3250,monthly_base_price
?,Chateau At Rifle,https://app.seniorplace.com/communities/show/21ecc1bc-178c-4ede-9dec-9e31b02fc117,$4160,4160,monthly_base_price
?,Chateau De Boise,https://app.seniorplace.com/communities/show/9f92b0fe-809f-4ef1-8c7e-7ec9db770339,,2350,monthly_base_price
?,Cherry Creek Retirement Village,https://app.seniorplace.com/communities/show/8520b3fa-b5ca-4db3-8ab0-0bfda84382d1,,2230,independent_living_price_low
?,Cliffview Assisted Living Center,https://app.seniorplace.com/communities/show/336d3427-3faf-4510-9141-ca7c2ff19a90,,3980,assisted_living_one_bedroom_price_low
?,Cogir Of Broomfield Senior Living,https://app.seniorplace.com/communities/show/0147fbb3-a7d2-49c7-9d40-2aeb5d2dc048,,3950,independent_living_studio_price_low
?,Constant Care V Cheyenne,https://app.seniorplace.com/communities/show/08f85869-20bc-4814-9a92-3d6c3a50a517,$7500,7500,monthly_base_price
?,Copper Creek Senior Living,https://app.seniorplace.com/communities/show/cb9b1290-30a3-4a9e-8816-49c2c3fff4bb,,3850,independent_living_studio_price_low
?,Coronado Villa Retirement Resort Resort Lifestyle Communities,https://app.seniorplace.com/communities/show/f6184350-3ad2-4c24-b667-f2fb9d1223d6,,6000,independent_living_two_bedroom_price_low
?,Cottonwood Creek,https://app.seniorplace.com/communities/show/11f20a1d-bb65-4b03-838c-03ca713c9541,,2800,assisted_living_studio_price_low
?,Cottonwood Ridge,https://app.seniorplace.com/communities/show/8462a98c-506f-44a0-a034-af852739e111,,4550,monthly_base_price
?,Country Home Assisted Living,https://app.seniorplace.com/communities/show/85ce9fde-a948-44fa-a615-629ce1c68467,,4200,assisted_living_home_price_low
?,Cove Point Retirement,https://app.seniorplace.com/communities/show/4b823e96-9442-45a5-97d3-1949b487a109,,2550,independent_living_one_bedroom_price_low
?,Covenant Living Of Colorado,https://app.seniorplace.com/communities/show/535f4b88-e79c-4050-9449-ba2763300111,,5800,assisted_living_studio_price_low
?,Creekside Senior Living,https://app.seniorplace.com/communities/show/77db3fb9-5212-4f73-bb07-9ccf8f936751,,4551,independent_living_studio_price_low
?,Creekside Village Health And Rehabilitation Center,https://app.seniorplace.com/communities/show/a26179f8-bd98-4f5f-a03e-daae84abbd0a,,3750,assisted_living_price_low
?,Crescent Senior Living,https://app.seniorplace.com/communities/show/569628af-33bf-4418-be44-8844ad44f0ef,$4645,4645,monthly_base_price
?,Crossroads At Delta Alf,https://app.seniorplace.com/communities/show/859ed4e9-bf93-40ff-bdb7-739351bda5b1,,3950,independent_living_price_low
?,Crossroads At Lakewood,https://app.seniorplace.com/communities/show/9a856c2c-bb3a-47d6-8d73-6145ac993532,$6440,6440,monthly_base_price
?,Diamond Janes Assisted Living,https://app.seniorplace.com/communities/show/a8df4645-54e4-4cbc-85e8-f4ee3c3ab441,,3600,assisted_living_price_low
?,Eagles Nest Assisted Living,https://app.seniorplace.com/communities/show/cb57ac58-4b4b-4869-ab06-c00f98137e80,$6500,6500,monthly_base_price
?,Edgewood Spring Creek Overland,https://app.seniorplace.com/communities/show/13b25432-5277-4898-aa55-8c8dffafee70,,4150,assisted_living_studio_price_low
?,Edgewood Spring Creek Ustick,https://app.seniorplace.com/communities/show/73ef2c74-955c-42dd-b77e-2e5e9dd13e29,$3450,3450,monthly_base_price
?,Escalante At Coventry,https://app.seniorplace.com/communities/show/aa2aeac7-dc89-40ee-8301-69dce8f1438d,,3300,memory_care_price_low
?,Fairfield Village,https://app.seniorplace.com/communities/show/542e18e3-089f-471b-ac28-20a506897d8d,,2900,independent_living_price_low
?,Fairfield Village Of Layton,https://app.seniorplace.com/communities/show/425b5cf8-a961-4e57-8392-6f47316a182e,$3700,3700,monthly_base_price
?,Faith Assisted Living,https://app.seniorplace.com/communities/show/1fa54ea2-cf4a-4d1a-862e-7ede55fcb091,$2500,2500,monthly_base_price
?,Fellowship Square Tucson,https://app.seniorplace.com/communities/show/a7d4456b-8b07-456a-b690-93102f81f6b6,,1810,independent_living_studio_price_low
?,Five Star Residences Of Dayton Place,https://app.seniorplace.com/communities/show/71520857-f4b6-4271-9181-3def1b882d59,,2800,independent_living_one_bedroom_price_low
?,Flatirons Terrace,https://app.seniorplace.com/communities/show/b5094f8c-4139-47c3-9d8b-58b1aecdc50c,,4740,independent_living_one_bedroom_price_low
?,Foxtail Assisted Living,https://app.seniorplace.com/communities/show/5771ea23-f8c6-4d10-a0e6-e6b58f5a667f,,3600,assisted_living_studio_price_low
?,Gables Of Brigham City,https://app.seniorplace.com/communities/show/5c12a796-4f17-4fd6-846b-1ae946cc36c5,,4200,assisted_living_studio_price_low
?,Gables Of North Logan Assisted Living,https://app.seniorplace.com/communities/show/ae09982d-f66c-4d7b-9967-1bc9944db152,,4900,memory_care_price_low
?,Garden Plaza Of Aurora,https://app.seniorplace.com/communities/show/8d50f442-b77a-4911-b73a-9647c3d40c8e,$2400,2400,monthly_base_price
?,Garden Square At Westlake,https://app.seniorplace.com/communities/show/7aafbd3f-d706-4547-bd7b-a3214c6c5719,$3705,3705,monthly_base_price
?,Golden Pond,https://app.seniorplace.com/communities/show/380fe4d9-2fcc-4566-add3-0b87e0df54e5,$4600,4600,monthly_base_price
?,Greeley Place Sky Active Living,https://app.seniorplace.com/communities/show/fc97d0b7-dbb5-4c86-a699-7b73869ed355,$2600,2600,monthly_base_price
?,Greeley Village,https://app.seniorplace.com/communities/show/462dbaea-aad8-444d-917d-6319a73a7fbd,$4703,4703,monthly_base_price
?,Greenridge Place,https://app.seniorplace.com/communities/show/f5cf4240-742a-40e7-9819-b9cc408479a1,,4850,assisted_living_price_low
?,Harvard Square By Cogir,https://app.seniorplace.com/communities/show/91800897-5e7a-4b2e-b881-4cabe911f065,,2315,independent_living_studio_price_low
?,Haven Care Birch House,https://app.seniorplace.com/communities/show/08838261-9968-4634-b93f-68d13b343682,,6300,assisted_living_home_price_low
?,Haven Creek Assisted Living,https://app.seniorplace.com/communities/show/bff32400-ba9d-4980-a720-9d92d63946a9,,3450,assisted_living_studio_price_low
?,Heirloom Inn,https://app.seniorplace.com/communities/show/d133a664-3824-4e4c-8272-01a2086489fc,,2007,assisted_living_studio_price_low
?,Hidden Valley Assisted Living,https://app.seniorplace.com/communities/show/9ac66aae-84be-4b59-b570-14c9f9a3dc89,,5200,memory_care_price_low
?,High Desert Assisted Livinghouse 2,https://app.seniorplace.com/communities/show/b5cd7c71-72e4-4d03-815f-281361c79c95,,3900,monthly_base_price
?,Highland Cove Retirement Community,https://app.seniorplace.com/communities/show/1ccc210c-55b6-42b4-9e45-54e2636a2125,,2650,independent_living_price_low
?,Highland Trail Sky Active Living,https://app.seniorplace.com/communities/show/11bfe8c7-d6a4-4e0f-b743-0abb2de88ba5,,2900,independent_living_studio_price_low
?,Highline Place Memory Care,https://app.seniorplace.com/communities/show/ee79ee74-1628-4bf3-8d56-f0f90e49bb30,,5650,memory_care_price_low
?,Highpointe Assisted Living Memory Carespectrum Retirement,https://app.seniorplace.com/communities/show/4ff7cbf3-2609-484e-bf76-06ca229669a6,,4035,memory_care_price_low
?,Hillcrest Of Loveland Mbk Community,https://app.seniorplace.com/communities/show/bd208268-30df-4ef5-9c58-c98e21ad69b9,,3940,monthly_base_price
?,Holiday By Atria Senior Living Desert Rose,https://app.seniorplace.com/communities/show/f1d6633a-028c-4f83-980e-824875cdab83,,2079,monthly_base_price
?,Holiday Harrison Regent,https://app.seniorplace.com/communities/show/e7da13d7-3c18-4d94-b5d2-24a84116b774,,2600,monthly_base_price
?,Holiday Sugar Valley Estates,https://app.seniorplace.com/communities/show/e990bff9-aee6-44ff-8415-3bac0fcf0694,,2600,monthly_base_price
?,Home Care At Kettles Assisted Living,https://app.seniorplace.com/communities/show/1573aaec-6a43-4be5-95e6-b610b132e448,$4800,4800,monthly_base_price
?,Home Care At Momas Assisted Living,https://app.seniorplace.com/communities/show/f0f22c06-a61a-4ed7-9138-553f06941ff1,$4800,4800,monthly_base_price
?,Hyland Hills Senior Living,https://app.seniorplace.com/communities/show/4cb99e2a-c967-42a3-8fb0-186fc549c416,$4645,4645,monthly_base_price
?,Inglenook At Brighton,https://app.seniorplace.com/communities/show/a2cbbe69-9e6e-4254-ad0e-5a8f658336cc,,4750,assisted_living_studio_price_low
?,Inn At Greenwood Village,https://app.seniorplace.com/communities/show/9b07e728-c0f0-4595-8930-4efb6d146f55,$5200,5200,monthly_base_price
?,Ivy Brook Senior Living,https://app.seniorplace.com/communities/show/32db3637-d4f8-4c99-bbad-fb9fb23eb8a9,,2000,assisted_living_studio_price_low
?,Jackson Creek Senior Living,https://app.seniorplace.com/communities/show/c2d7e57c-b5c8-4d1d-82ff-71a0d7cd9e65,,7500,memory_care_price_low
?,Jaxpointe At 63Rd Place Assisted Living,https://app.seniorplace.com/communities/show/26aee36c-d5da-48b8-8212-e5db69f30bba,$6500,6500,monthly_base_price
?,Jaxpointe At Allison Ct Assisted Living,https://app.seniorplace.com/communities/show/e3a43448-8f0b-4034-82be-15c114490c26,$5900,5900,monthly_base_price
?,Jaxpointe At Flower Court Assisted Living,https://app.seniorplace.com/communities/show/3250de6e-947d-4fcb-88c2-8b6be20f8885,$5800,5800,monthly_base_price
?,Jaxpointe At Saulsbury Ct Assisted Living,https://app.seniorplace.com/communities/show/6a5193e0-5239-42c1-8b69-cec8e767ea2d,$49,49,monthly_base_price
?,Juniper Village At Aurora,https://app.seniorplace.com/communities/show/73a9ab06-775d-4c47-a762-1d37d765d916,,7925,memory_care_price_low
?,Keystone Place At Legacy Ridge Assisted Living,https://app.seniorplace.com/communities/show/5e42efdf-60de-4cde-a2d7-63fc1c77ceb7,,4900,independent_living_one_bedroom_price_low
?,Kingston Residence Of Santa Fe,https://app.seniorplace.com/communities/show/48142078-f30f-4d19-8d36-32b98d22a4d1,,5160,assisted_living_studio_price_low
?,Kipling Meadows,https://app.seniorplace.com/communities/show/2100f7eb-20a3-49e3-bb86-c59c8387bb42,$2806,2806,monthly_base_price
?,Lakeview Senior Living Allure Life Community,https://app.seniorplace.com/communities/show/ccb79e3a-8fb4-4bc4-86c5-4e34399369df,$2785,2785,monthly_base_price
?,Lakewood Estates Sky Active Living Formerly Holiday Retirement Now Sunrise,https://app.seniorplace.com/communities/show/a1398f92-0cb0-4954-a4ba-10bcb1d19f86,$2000,2000,monthly_base_price
?,Lakewood Reservea Stellar Community,https://app.seniorplace.com/communities/show/b6183f65-9ccc-4d79-9fbd-d0c205973244,,3725,assisted_living_studio_price_low
?,Legacy At Monte Vista The,https://app.seniorplace.com/communities/show/d390a9b7-304a-44c2-acf5-390f88b65aba,$2835,2835,monthly_base_price
?,Legacy House Assisted Living Of South Jordan,https://app.seniorplace.com/communities/show/d190d045-e693-4b9c-a0b0-4d116e7d2244,$4100,4100,monthly_base_price
?,Legacy House Of Logan Assisted Living,https://app.seniorplace.com/communities/show/e4e81c64-bd37-4377-96e8-1ba41aea61a3,,3500,assisted_living_studio_price_low
?,Legacy House Of Ogden,https://app.seniorplace.com/communities/show/7815a66a-1799-49f0-a6f4-5454d92f8ecd,,4075,assisted_living_price_low
?,Legacy House Of Taylorsville,https://app.seniorplace.com/communities/show/65cbac71-d038-4766-bcc4-4747879664b1,,4300,assisted_living_studio_price_low
?,Legacy Retirement Residence,https://app.seniorplace.com/communities/show/476cd0a8-c8b2-4cec-9d9c-d9d7d0b7996a,,2900,independent_living_price_low
?,Legacy Village Of Castle Pines,https://app.seniorplace.com/communities/show/4c21231f-04a6-49ee-92f5-6fb652a5d80e,$4350,4350,monthly_base_price
?,Legacy Village Of Provo,https://app.seniorplace.com/communities/show/2e2d11b4-0cd2-477c-86a3-fdffcb2a0ac6,$2800,2800,monthly_base_price
?,Legacy Village St George,https://app.seniorplace.com/communities/show/747b07e7-3d02-413c-825e-35bd47996b36,,3995,assisted_living_studio_price_low
?,Legend Of Colorado Springs,https://app.seniorplace.com/communities/show/56474439-4da5-4e2e-9079-81db9a80def0,,5590,assisted_living_one_bedroom_price_low
?,Libby Bortz Assisted Living Center,https://app.seniorplace.com/communities/show/fdf1c9c1-598d-4109-beb9-5abea5fee033,,2830,assisted_living_price_low
?,Liberty Heights Assisted Living,https://app.seniorplace.com/communities/show/456c6894-f94e-4aa2-a7c3-a0beb9d344ed,$4850,4850,monthly_base_price
?,Lincoln Meadows Senior Livingspectrum Retirement,https://app.seniorplace.com/communities/show/804254d4-1504-4014-a537-c0a647b68ced,$4360,4125,independent_living_studio_price_low
?,Live To Assist,https://app.seniorplace.com/communities/show/14583cc6-b37a-4781-9d6c-7db9c01e6f64,$4800,4800,monthly_base_price
?,Los Soleras Retirement Living Spectrum Retirment,https://app.seniorplace.com/communities/show/3b28bc80-e3f9-4d14-b20e-d968359baed7,,2175,independent_living_one_bedroom_price_low
?,Los Soleras Retirement Livingspectrum Retirement,https://app.seniorplace.com/communities/show/ef6d03c8-a838-4a21-8e4e-809a66e3f70c,$2885,2885,monthly_base_price
?,Mackenzie Place Colorado Springs,https://app.seniorplace.com/communities/show/fe61b127-63b5-452e-90de-9d0663d2bc2b,,4945,independent_living_one_bedroom_price_low
?,Mackenzie Place Fort Collins,https://app.seniorplace.com/communities/show/abb532ca-052e-4dd5-8e81-4139957d506b,,5150,independent_living_price_low
?,Millbrook Homes Assisted Living Cove Court,https://app.seniorplace.com/communities/show/65ef22c8-e405-4108-ab73-b7da5d8fb220,$6500,6500,monthly_base_price
?,Modena Cherry Creek,https://app.seniorplace.com/communities/show/ffa1f866-3fa4-4145-a556-36f0e3d5d3af,$5225,5225,monthly_base_price
?,Montage Creek,https://app.seniorplace.com/communities/show/19fffe57-dd73-47ee-bdda-fcd8131fbf7a,$4700,4700,monthly_base_price
?,Morada Albuquerque,https://app.seniorplace.com/communities/show/e9a73599-a2e1-44e3-9996-3548bbdde451,,2880,assisted_living_price_low
?,Morada Quintessence,https://app.seniorplace.com/communities/show/f8363a39-7a36-4b33-b1c8-3461bce4574c,,4700,assisted_living_studio_price_low
?,Morningstar Assisted Living Memory Care Rio Rancho,https://app.seniorplace.com/communities/show/fae9cedd-57a9-42a6-80f9-689ab7451b2c,,7180,assisted_living_price_low
?,Morningstar Assisted Living And Memory Care Of Santa Fe,https://app.seniorplace.com/communities/show/6cbb9e41-48f3-4c01-9b0d-4897f749297a,,4500,assisted_living_studio_price_low
?,Morningstar Assisted Living Of Littleton,https://app.seniorplace.com/communities/show/c358b287-a5f5-49ce-8330-d2862e3a3a5a,$6490,6490,monthly_base_price
?,Morningstar At Bear Creek,https://app.seniorplace.com/communities/show/5d553c25-062b-4cb8-bf01-636e03d825cf,,6050,memory_care_price_low
?,Morningstar At Jordan,https://app.seniorplace.com/communities/show/6404e80a-ef98-48fb-b001-fe2000ce1e03,,5575,assisted_living_studio_price_low
?,Morningstar At Mountain Shadows,https://app.seniorplace.com/communities/show/a721ca01-aa2c-4ee7-b12b-3aae9126d575,,8650,memory_care_price_low
?,Morningstar At Old Town,https://app.seniorplace.com/communities/show/ec5e0698-3489-4d4f-9958-215d64f09e64,,5595,monthly_base_price
?,Morningstar At Ridgegate,https://app.seniorplace.com/communities/show/45429f0c-00bb-43de-b9cd-723b7864c09c,,5625,monthly_base_price
?,Morningstar Memory Care At North Ridge,https://app.seniorplace.com/communities/show/0ef9c156-ada7-46e3-b480-94b7c8ae7564,,6500,memory_care_price_low
?,Morningstar Of Albuquerque,https://app.seniorplace.com/communities/show/b1a6bbce-5340-4fee-9566-2a8fa159dfdf,,6770,assisted_living_one_bedroom_price_low
?,Morningstar Of Arvada,https://app.seniorplace.com/communities/show/0f3c40f0-c06c-4548-b5f4-46c2b622368f,,5275,monthly_base_price
?,Morningstar Of Boise,https://app.seniorplace.com/communities/show/df9f7bfa-c6f8-4f2d-a7b2-45fe986e80fa,,4335,independent_living_price_low
?,Morningstar Of Boulder,https://app.seniorplace.com/communities/show/964b7ea3-6e7a-4ac7-b66a-6d69144fc54b,,6695,assisted_living_studio_price_low
?,Morningstar Of Fort Collins,https://app.seniorplace.com/communities/show/f004ff10-3db2-4080-ad0b-38a927aa9ead,,6495,assisted_living_studio_price_low
?,Morningstar Of Parker,https://app.seniorplace.com/communities/show/fd1d4d01-7e96-4579-bf68-088c8641d877,,5795,monthly_base_price
?,Morningstar Of Wheat Ridge,https://app.seniorplace.com/communities/show/80338394-d5a2-47de-adf9-2aed9988ca1a,,5025,assisted_living_price_low
?,Morningstar Senior Living At Holly Park,https://app.seniorplace.com/communities/show/5a9bd040-adb4-4ab6-8969-783ce8f41d1b,,5495,independent_living_price_low
?,Morninstar Senior Living Of Boise,https://app.seniorplace.com/communities/show/92447599-14d5-4c69-9bbb-da6df157c551,,4140,independent_living_one_bedroom_price_low
?,Mountain View Independent Living,https://app.seniorplace.com/communities/show/edcb8912-a010-4140-a1aa-d3fbcc966863,,2721,monthly_base_price
?,Mountain Vista Assisted Living Memory Care,https://app.seniorplace.com/communities/show/5b86afcc-2161-4331-b831-a4e578048410,,1819,independent_living_price_low
?,New Day Cottages At Pine Creek,https://app.seniorplace.com/communities/show/d09f4900-6d72-4ab1-9691-eb822bec62fe,,4400,assisted_living_studio_price_low
?,New Day Cottages At Turner,https://app.seniorplace.com/communities/show/78d5f9a6-1837-406c-80ee-f70c9d4191a6,,4200,assisted_living_home_price_low
?,Noras Personal Care Assisted Living,https://app.seniorplace.com/communities/show/f1db2b1c-ce41-4f54-bdec-ec890a9cae8e,,5500,assisted_living_home_price_low
?,Northglenn Heights Assisted Living Community,https://app.seniorplace.com/communities/show/53b436e6-b99a-4393-9cd7-f51ee2fc7d9f,$3400,3400,monthly_base_price
?,Olympus Ranch Gracious Living,https://app.seniorplace.com/communities/show/506ceeb2-139b-4103-aa5f-e2cd870ba470,,2800,independent_living_studio_price_low
?,Overland Court Senior Living Frontier Senior Living,https://app.seniorplace.com/communities/show/40e9e124-e993-4f1a-98a0-4a5d96888244,,3979,memory_care_price_low
?,Oveture 9Co,https://app.seniorplace.com/communities/show/37d118b4-aeb7-4275-97e7-01b63351fe5b,$1677,1677,monthly_base_price
?,Palisades At Broadmoor Park,https://app.seniorplace.com/communities/show/2fc4ffca-0938-42e5-bd40-df9fb0c7a9fd,,4700,independent_living_price_low
?,Palmilla Senior Living Spectrum Retirement,https://app.seniorplace.com/communities/show/8dea7f87-f778-4646-b315-ef11ef7a3dcc,,3260,assisted_living_price_low
?,Paloma Landing Hawthorn Community,https://app.seniorplace.com/communities/show/9c0cf112-d80a-479e-9c0e-56751652ed58,$3135,3135,monthly_base_price
?,Park Lane Senior Living Stellar Living,https://app.seniorplace.com/communities/show/3ddecddf-32f6-4743-9e5b-4503c457bc6e,,3800,independent_living_one_bedroom_price_low
?,Parkside Village Retirement Resort,https://app.seniorplace.com/communities/show/da68e65c-ab6a-45ce-a1db-3922f9a6af4c,$3736,3736,monthly_base_price
?,Pine Grove Crossing,https://app.seniorplace.com/communities/show/b92067d9-1e48-446a-bbb9-51cba46a891c,,7230,assisted_living_one_bedroom_price_low
?,Pioneer Valley Lodge Gracious Retirement Living,https://app.seniorplace.com/communities/show/1eb40528-e399-45cc-ab48-fcd9df9fcdb7,,2305,independent_living_studio_price_low
?,Primrose Retirement Community Of Pueblo,https://app.seniorplace.com/communities/show/1bdbdbd2-fc06-4196-a5f1-acc7937f5daf,$4235,4235,monthly_base_price
?,Pueblo Regent,https://app.seniorplace.com/communities/show/676e5bb5-ded5-4bb3-a4d4-bc41a4b8e977,,2150,independent_living_studio_price_low
?,Pueblo West Gardens Assisted Living,https://app.seniorplace.com/communities/show/001e595f-7c4e-4d8c-bbdc-8ae3b16d9d59,$4000,4000,monthly_base_price
?,Quincy Place A Sky Active Community,https://app.seniorplace.com/communities/show/fae4fbe9-fa73-4b8a-af97-80b2436d5d36,,2500,independent_living_price_low
?,Raintree Senior Living,https://app.seniorplace.com/communities/show/f7e4437a-be6d-46e5-98f4-18de7104be9e,,3900,assisted_living_price_low
?,Ravenna Assisted Living,https://app.seniorplace.com/communities/show/3f7ee94b-13cc-4cd6-9a5d-598b42ffed5e,$4755,4755,monthly_base_price
?,Retreat At Sunny Vista The,https://app.seniorplace.com/communities/show/38aa1097-5136-4ea5-a8ec-1577c07a2ef8,,4345,assisted_living_price_low
?,Revel Eagle,https://app.seniorplace.com/communities/show/81d6910a-123d-42ae-b98c-dcb1bfde9049,,3715,independent_living_price_low
?,Revel Province,https://app.seniorplace.com/communities/show/fe4bcd69-caa1-475f-8907-2db9e18c9d5a,,3965,independent_living_studio_price_low
?,Rigden Farm Senior Livingspectrum Retirement,https://app.seniorplace.com/communities/show/b7fe6138-0111-46dd-aa4b-e5bfbeddcae5,$3145,3145,monthly_base_price
?,Roaring Fork Senior Living,https://app.seniorplace.com/communities/show/886e4f58-f347-459f-870b-309e01de7196,,5195,independent_living_price_low
?,Rose Of Sharon Assisted Living Weaver,https://app.seniorplace.com/communities/show/d76a990d-4995-4ff2-8e7e-f4ff164ee21d,$6000,6000,monthly_base_price
?,Rose Of Sharon Valentia,https://app.seniorplace.com/communities/show/588c156b-cfdf-4820-a35d-f6bc3cc85a5a,$6000,6000,monthly_base_price
?,Rosecrest Assisted Living,https://app.seniorplace.com/communities/show/b0565b97-d88e-4683-bdda-fa1ef9b8c3ea,$2500,2500,monthly_base_price
?,Rosemark At Mayfair Park,https://app.seniorplace.com/communities/show/3af321da-0228-47da-b8aa-631522eaaeb4,,5500,assisted_living_price_low
?,Rustic Rose Assisted Living,https://app.seniorplace.com/communities/show/63abe868-a90c-4bb4-a6f2-fd0d34c24ef3,$4500,4500,monthly_base_price
?,Sandia Vista Senior Living Stellar Living,https://app.seniorplace.com/communities/show/1d0a2b18-64b5-43e5-bbb7-79c35023bbb5,$2500,2500,monthly_base_price
?,Serenity House Assisted Living I,https://app.seniorplace.com/communities/show/8f5b81ab-c5b6-4d8e-af1a-5fcb7cb5a371,,6900,assisted_living_home_price_low
?,Serenity House Assisted Living Iii,https://app.seniorplace.com/communities/show/81e812cd-b109-49b1-8573-df6f18c1d52d,$5800,5800,monthly_base_price
?,Serenity House Assisted Living V,https://app.seniorplace.com/communities/show/3b63ccc6-38b2-41a3-b3f9-5782568acb1d,$5800,5800,monthly_base_price
?,Serenity House Assisted Living Vii,https://app.seniorplace.com/communities/show/cee35966-bfc0-40cf-9117-a3ecfd6bad3f,,4500,assisted_living_home_price_low
?,Sky Active Living Parkwood Estates,https://app.seniorplace.com/communities/show/f3c69579-e872-4bd8-a7b2-ec4e648e5227,,2912,independent_living_studio_price_low
?,Solista Orem,https://app.seniorplace.com/communities/show/8a2a5dbf-beb9-4902-a6a9-71f07fe73613,,2200,independent_living_studio_price_low
?,Solista Longmont,https://app.seniorplace.com/communities/show/da632416-049d-4688-8bab-78fd5273c950,,2411,independent_living_price_low
?,Solstice Senior Living At Grand Valley,https://app.seniorplace.com/communities/show/c6d9dcb0-3795-473b-8f39-c3d12123ae3e,,2900,independent_living_studio_price_low
?,Solstice Senior Living At Mesa View,https://app.seniorplace.com/communities/show/d51e174b-f33c-4f53-83b5-a6a5361bf9ea,,3065,independent_living_studio_price_low
?,Solstice Senior Living At Sandy,https://app.seniorplace.com/communities/show/794418c5-bae7-443c-b615-af2d6b9aa7c7,,2315,independent_living_studio_price_low
?,South Jordan View Retirement Community,https://app.seniorplace.com/communities/show/e98b1700-bfb3-4736-b351-0df663f7b43a,,3869,independent_living_studio_price_low
?,Southgate Senior Living Stellar Living,https://app.seniorplace.com/communities/show/1e0beeeb-5251-48c5-bcd4-ac3f5ed5f2ec,,3635,assisted_living_studio_price_low
?,Spring Gardens Draper,https://app.seniorplace.com/communities/show/34b2afb5-c635-49e5-be2a-31f299bc644a,,3395,assisted_living_price_low
?,Spring Gardens Heber,https://app.seniorplace.com/communities/show/54f7c8be-6294-4a06-9a5b-00a386dbf945,,4000,assisted_living_studio_price_low
?,Spring Gardens Meridian,https://app.seniorplace.com/communities/show/840698d5-3f78-4ee4-8125-d947370ae0ff,,5200,assisted_living_one_bedroom_price_low
?,Spring Gardens Of Lindon,https://app.seniorplace.com/communities/show/8fcae84e-7e61-430f-9fcb-6d3d90598af7,,3700,memory_care_price_low
?,Spring Gardens Of St George,https://app.seniorplace.com/communities/show/abb1cb72-06ab-4afe-a001-d6abf4f403d8,,3950,assisted_living_price_low
?,Spring Ridge Park Assisted Living,https://app.seniorplace.com/communities/show/7a5c3fd7-31f9-42c8-a194-3ef4c9ba44ae,$4500,4500,monthly_base_price
?,Springbrooke Retirement And Assisted Living,https://app.seniorplace.com/communities/show/5626b81f-ffba-4a54-adb4-f3e99810d2d2,$4895,4895,monthly_base_price
?,Springs Ranch Memory Care Community,https://app.seniorplace.com/communities/show/0e3e731a-0a13-4fc4-a1ad-d92d840bf800,$7400,7400,monthly_base_price
?,Springwood Retirement,https://app.seniorplace.com/communities/show/cc1bbb1d-8446-423b-9acc-df68c4f41e62,,2375,independent_living_price_low
?,St Andrews Village,https://app.seniorplace.com/communities/show/fcfa9278-e32e-454f-8596-6c3198191949,$4550,4550,monthly_base_price
?,Sterling Courtan Elegant Assisted Living Community,https://app.seniorplace.com/communities/show/14fb80fc-9ecc-4359-9ccc-4ae254c2a4e8,,3675,assisted_living_studio_price_low
?,Stonebridge Retirement Community,https://app.seniorplace.com/communities/show/fe677be6-c335-4fb0-be7f-5ad68e889afb,$5935,5935,monthly_base_price
?,Stonecreek Of Flying Horse,https://app.seniorplace.com/communities/show/3aca4b3a-7007-4c02-bd02-283a47c8930a,$5075,5075,monthly_base_price
?,Stonecreek Of Littleton,https://app.seniorplace.com/communities/show/59fb08ad-7781-4aca-8c22-2984fa77a97b,,5935,assisted_living_studio_price_low
?,Stoney Brooke Assisted Living Riverdale,https://app.seniorplace.com/communities/show/447e75a1-d46a-462f-b540-e3377e59cdfb,,3400,assisted_living_price_low
?,Summit Glen Gracious Retirement Living,https://app.seniorplace.com/communities/show/be825ada-1607-4b45-bd4e-9f465fb916f8,,2995,independent_living_studio_price_low
?,Summit Vista Entrance Fee Community,https://app.seniorplace.com/communities/show/116c6ca0-af92-4496-8232-e3d4d523398e,$2200,2200,monthly_base_price
?,Sunrise Assisted Living At University Park,https://app.seniorplace.com/communities/show/15827003-d790-40b2-b73e-99160ed5d4a0,,3600,monthly_base_price
?,Sunrise At Cherry Creek,https://app.seniorplace.com/communities/show/f410fa72-93c9-4b5f-b88e-5fd67eca0ac7,$170,170,monthly_base_price
?,Sunrise At Flatirons,https://app.seniorplace.com/communities/show/284832a4-2798-4789-8b33-20ab92ff1402,$5320,5320,monthly_base_price
?,Sunrise At Holladay,https://app.seniorplace.com/communities/show/52c7c9e2-a99e-455f-b1ab-f64ae872b41b,,4000,independent_living_one_bedroom_price_low
?,Sunrise At Pinehurst,https://app.seniorplace.com/communities/show/b9607b45-6c97-4b5e-8f52-618e235a6113,$4378,4378,monthly_base_price
?,Sunrise Of Sandy,https://app.seniorplace.com/communities/show/8bb10c66-44b8-40a8-83f6-c5b28d4fd607,,3750,assisted_living_studio_price_low
?,Sunrise Of Westminster,https://app.seniorplace.com/communities/show/299f007a-c0a1-4895-8c92-ddd0b2526efa,,4500,assisted_living_price_low
?,Table Rock Senior Living At Paramount,https://app.seniorplace.com/communities/show/6d7342dc-6989-47dc-b739-a2b5d94a848f,,6100,assisted_living_two_bedroom_price_low
?,Terra Bluffs,https://app.seniorplace.com/communities/show/9cadaa15-3b75-40ff-ba10-5965f697e95e,,5750,assisted_living_studio_price_low
?,The Abbington At Murray,https://app.seniorplace.com/communities/show/6b94fdf0-8d35-41d0-a991-e7b8546edab8,,3594,assisted_living_studio_price_low
?,The Albuquerque Grand Senior Living,https://app.seniorplace.com/communities/show/0430516b-daff-453e-807e-4093e593535d,$2100,2100,monthly_base_price
?,The Argyle,https://app.seniorplace.com/communities/show/0a75b76e-c1b0-4718-afc6-996098532f99,$3800,3800,monthly_base_price
?,The Auberge At North Ogden,https://app.seniorplace.com/communities/show/ad65dd4f-abd0-43a6-b420-a8755c49c99b,,3600,memory_care_price_low
?,The Belleview Dial Senior Living,https://app.seniorplace.com/communities/show/22f98578-e018-4796-b88a-8e60270c5140,,2295,independent_living_studio_price_low
?,The Bridge Of Farmington,https://app.seniorplace.com/communities/show/a4cd59c9-ef30-459b-90ed-44a86a8f2ba8,,3170,independent_living_studio_price_low
?,The Cottages Of Hilltop,https://app.seniorplace.com/communities/show/35c2c46e-1f7c-4f3e-b07c-91362f75f76e,,4050,independent_living_price_low
?,The Courtyards At Mountain View,https://app.seniorplace.com/communities/show/3797cfed-7417-4ddd-8169-afd287eeb74b,$2725,2725,monthly_base_price
?,The Fountains Of Hilltop,https://app.seniorplace.com/communities/show/27458c50-b495-4949-a033-0df74679bbd4,,6300,assisted_living_price_low
?,The Gardens At Broadmoor Court Assisted Living Bethesda Community,https://app.seniorplace.com/communities/show/52581804-2cdc-4704-9537-ab0881685f4d,,3190,assisted_living_price_low
?,The Gardens At Collinwood Assisted Living And Memory Care,https://app.seniorplace.com/communities/show/ea88dbad-3ff9-44f3-81d5-e122f63291c8,$3990,3990,monthly_base_price
?,The Gardens At Viewpointe,https://app.seniorplace.com/communities/show/165a9916-54ab-4cc8-8579-f89d14b667b1,$3990,3990,monthly_base_price
?,The Garland Home,https://app.seniorplace.com/communities/show/c9568f1a-10a6-40bf-aca0-eb63fc443293,$4000,4000,monthly_base_price
?,The Legacy At Santa Fe,https://app.seniorplace.com/communities/show/c6eddccf-bea4-4687-ba1c-01dd069dc760,,4650,assisted_living_price_low
?,The Lodge At Grand Junction,https://app.seniorplace.com/communities/show/f8bc69d9-d28a-4f69-b14c-bffea1d47010,,5100,assisted_living_price_low
?,The Montebello On Academy,https://app.seniorplace.com/communities/show/d72b43f1-6dec-468c-abe9-6d9fcc433e49,,3600,monthly_base_price
?,The Montecito Santa Fe,https://app.seniorplace.com/communities/show/1970f2f5-2de2-4bf8-b761-f9614acae6c0,,4335,independent_living_price_low
?,The Neighborhood In Rio Rancho,https://app.seniorplace.com/communities/show/4699a9f1-0b0b-4cab-aedb-204f7b9a8117,,3391,independent_living_price_low
?,The Oberon House,https://app.seniorplace.com/communities/show/4e4ad489-91f3-4ff8-a4f6-4331dbdb5531,,5850,assisted_living_price_low
?,The Peaks At Old Laramie Trail,https://app.seniorplace.com/communities/show/ded6bbb0-a8d4-4cb2-8189-fa63188fc90f,,5441,memory_care_price_low
?,The Pearl At Boulder Creek,https://app.seniorplace.com/communities/show/4ade6d81-5603-49aa-96fb-0825b567038e,,6035,independent_living_one_bedroom_price_low
?,The Pointe At Meridian,https://app.seniorplace.com/communities/show/04e4c774-fb35-4d0c-b5fb-354ec0b10a85,,3995,independent_living_one_bedroom_price_low
?,The Reserve At Lone Tree,https://app.seniorplace.com/communities/show/7ec8076f-67b5-4107-890f-bb8913abefa1,,4950,independent_living_price_low
?,The Retreat At Sunbrook Assisted Living,https://app.seniorplace.com/communities/show/a924f2c7-353f-4f7c-8163-119e34dd8d23,,4825,assisted_living_studio_price_low
?,The Retreat At Sunriver St George,https://app.seniorplace.com/communities/show/31bffcba-1c5f-403c-91ef-83df5dc353a2,,4725,assisted_living_one_bedroom_price_low
?,The Ridge Cottonwood,https://app.seniorplace.com/communities/show/2d2fe696-77ef-49bf-9f35-4da32616a614,,5029,assisted_living_one_bedroom_price_low
?,The Rio Grande Gracious Retirement Living,https://app.seniorplace.com/communities/show/86c01e6d-e5ff-40be-9bdb-938318543776,,2745,independent_living_studio_price_low
?,The Watermark At Cherry Hills,https://app.seniorplace.com/communities/show/7a6e1c56-66b4-4d33-88a4-3291f668256b,,6095,assisted_living_one_bedroom_price_low
?,The Winslow Independent Living,https://app.seniorplace.com/communities/show/6cd8585e-38ab-409b-8dff-bf2a80572e80,,4050,independent_living_one_bedroom_price_low
?,The Worthington Columbine Patio Homes,https://app.seniorplace.com/communities/show/6a82bc91-04a7-4fd4-842c-a081d46ff906,,3885,independent_living_one_bedroom_price_low
?,Tradition Assisted Living,https://app.seniorplace.com/communities/show/3c16462a-0424-4c56-b602-a467ea9804d6,,2800,assisted_living_price_low
?,Treeo South Ogden,https://app.seniorplace.com/communities/show/3f8f3b94-fd05-45a1-8d6d-c3c49e3846e2,,2795,independent_living_studio_price_low
?,Tru Landmark Memory Care,https://app.seniorplace.com/communities/show/3052c1e2-01ab-46e3-935f-4d34c245ca5a,$3695,3695,monthly_base_price
?,Truewood By Merrill Boise,https://app.seniorplace.com/communities/show/3cf0677f-c05a-4ef6-b3c5-89d85caebde8,,2600,assisted_living_price_low
?,Vesprit,https://app.seniorplace.com/communities/show/d8dbf66f-4a88-419e-866c-ca5f164570f6,,2800,independent_living_price_low
?,Valencia At Cottonwood Heights,https://app.seniorplace.com/communities/show/33795c09-1fc1-4e66-86b2-fb44ab98ef40,,3495,assisted_living_one_bedroom_price_low
?,Valley House Assisted Living,https://app.seniorplace.com/communities/show/147efc5a-cd38-4dbf-9e7b-22d600da79ca,,5390,assisted_living_price_low
?,Vi At Highlands Ranch,https://app.seniorplace.com/communities/show/6e5dcf4a-449f-4d11-bf60-412d2b096340,$5000,5000,monthly_base_price
?,Victorian House Assisted Living,https://app.seniorplace.com/communities/show/166443da-4b6e-403e-9c10-58a0237c5531,,5390,assisted_living_price_low
?,The Villa Luxury Senior Living,https://app.seniorplace.com/communities/show/3e2444c7-2af9-4a56-99ff-a21fc91d1551,$5500,5500,monthly_base_price
?,Village At Belmar,https://app.seniorplace.com/communities/show/4411d4c3-aa5b-402f-bd00-4afc9f661b67,$5775,5775,monthly_base_price
?,Village Of Bear Creek,https://app.seniorplace.com/communities/show/e851fdd8-f028-45be-8630-04718aaf71dc,,3600,assisted_living_studio_price_low
?,Vista Mesa Assisted Living Residence,https://app.seniorplace.com/communities/show/56266d9a-8798-40b6-ab0c-0ab504fc3e33,,5200,memory_care_price_low
?,Waneka Park Assisted Living,https://app.seniorplace.com/communities/show/5ddbc060-f49a-425a-aa1c-02e8a19c4430,,4500,assisted_living_price_low
?,Welcome Home Assisted Living American Fork,https://app.seniorplace.com/communities/show/178bf2f0-0c5c-4653-ad50-0977393127dc,,3500,assisted_living_price_low
?,Winslow Court Retirement Community,https://app.seniorplace.com/communities/show/cb72561c-b668-4d0b-9d30-68ce2d8191f0,,3050,independent_living_price_low
?,Woodlake Legacy Senior Living,https://app.seniorplace.com/communities/show/b182f60d-c449-4362-a10e-451cea3ec05a,$3995,3995,monthly_base_price
