ID,Title,Current_Types,New_Types_With_Memory_Care
11909,Abbington Manor Al I,"Unknown(0), Independent Living, Assisted Living Community, Assisted Living Community, Unknown(2), Memory Care","Unknown(0), Independent Living, Assisted Living Community, Assisted Living Community, Unknown(2), Memory Care"
6758,Abbington Senior Living,"Unknown(0), Independent Living, Assisted Living Community, Assisted Living Community, Unknown(2), Memory Care","Unknown(0), Independent Living, Assisted Living Community, Assisted Living Community, Unknown(2), Memory Care"
6762,Abellavida Memory Care,"Unknown(0), Assisted Living Home, Assisted Living Community, Memory Care","Unknown(0), Assisted Living Home, Assisted Living Community, Memory Care"
11915,Aberdeen Ridge,"Unknown(0), Independent Living, Assisted Living Community, Assisted Living Community, Unknown(2), Memory Care","Unknown(0), Independent Living, Assisted Living Community, Assisted Living Community, Unknown(2), Memory Care"
6784,Acoya Mesa,"Unknown(0), Assisted Living Home, Assisted Living Community, Independent Living, Unknown(2), Memory Care","Unknown(0), Assisted Living Home, Assisted Living Community, Independent Living, Unknown(2), Memory Care"
6786,Acoya Shea,"Unknown(0), Independent Living, Assisted Living Community, Assisted Living Community, Unknown(2), Memory Care","Unknown(0), Independent Living, Assisted Living Community, Assisted Living Community, Unknown(2), Memory Care"
6821,Agave Manor,"Unknown(0), Assisted Living Home, Assisted Living Community, Memory Care","Unknown(0), Assisted Living Home, Assisted Living Community, Memory Care"
11973,Alpine Acres Assisted Living,"Unknown(0), Assisted Living Community, Assisted Living Community, Memory Care","Unknown(0), Assisted Living Community, Assisted Living Community, Memory Care"
11975,Alpine Manor Ii,"Unknown(0), Assisted Living Community, Assisted Living Community, Assisted Living Home, Unknown(2), Memory Care","Unknown(0), Assisted Living Community, Assisted Living Community, Assisted Living Home, Unknown(2), Memory Care"
8680,Meadows Assisted Living,"Unknown(0), Assisted Living Home","Unknown(0), Assisted Living Home, Memory Care"
6851,Alta Vista Senior Living Community,"Unknown(0), Independent Living, Assisted Living Community, Assisted Living Community, Unknown(2), Memory Care","Unknown(0), Independent Living, Assisted Living Community, Assisted Living Community, Unknown(2), Memory Care"
11981,Altavita Assisted Living,"Unknown(0), Independent Living, Assisted Living Community, Assisted Living Community, Unknown(2), Memory Care","Unknown(0), Independent Living, Assisted Living Community, Assisted Living Community, Unknown(2), Memory Care"
11983,Altavita Memory Care Centre,"Unknown(0), Assisted Living Community, Assisted Living Community, Memory Care","Unknown(0), Assisted Living Community, Assisted Living Community, Memory Care"
11987,Amaran Senior Living,"Unknown(0), Assisted Living Community, Assisted Living Community, Memory Care","Unknown(0), Assisted Living Community, Assisted Living Community, Memory Care"
6866,Amber Creek Memory Care Community,"Unknown(0), Memory Care","Unknown(0), Memory Care"
6875,American Dream Home,"Unknown(0), Assisted Living Community","Unknown(0), Assisted Living Community, Memory Care"
6878,American Orchards Senior Living,"Unknown(0), Assisted Living Community, Assisted Living Community, Memory Care","Unknown(0), Assisted Living Community, Assisted Living Community, Memory Care"
11995,Amira Choice Arvada,"Unknown(0), Independent Living, Assisted Living Community, Assisted Living Community, Unknown(2), Memory Care","Unknown(0), Independent Living, Assisted Living Community, Assisted Living Community, Unknown(2), Memory Care"
6889,Andara Senior Living,"Unknown(0), Independent Living, Assisted Living Community, Assisted Living Community, Unknown(2), Memory Care","Unknown(0), Independent Living, Assisted Living Community, Assisted Living Community, Unknown(2), Memory Care"
12006,Apple Valley Residence,"Unknown(0), Assisted Living Community, Assisted Living Community, Memory Care","Unknown(0), Assisted Living Community, Assisted Living Community, Memory Care"
12010,Applegate Assisted Living,"Unknown(0), Assisted Living Community, Assisted Living Community, Memory Care","Unknown(0), Assisted Living Community, Assisted Living Community, Memory Care"
6921,Arbor Rose Senior Care,"Unknown(0), Assisted Living Community, Assisted Living Community, Memory Care","Unknown(0), Assisted Living Community, Assisted Living Community, Memory Care"
6962,Ark Of Life Memory Care,"Unknown(0), Assisted Living Home, Assisted Living Community, Memory Care","Unknown(0), Assisted Living Home, Assisted Living Community, Memory Care"
12060,Ashford Memory Care,"Unknown(0), Assisted Living Community, Assisted Living Community, Memory Care","Unknown(0), Assisted Living Community, Assisted Living Community, Memory Care"
12100,Ashley Manor Senior Living,"Unknown(0), Assisted Living Community","Unknown(0), Assisted Living Community, Memory Care"
7110,Beverly Assisted Living,"Unknown(0), Assisted Living Home","Unknown(0), Assisted Living Home, Memory Care"
12100,Ashley Manor Senior Living,"Unknown(0), Assisted Living Community","Unknown(0), Assisted Living Community, Memory Care"
12100,Ashley Manor Senior Living,"Unknown(0), Assisted Living Community","Unknown(0), Assisted Living Community, Memory Care"
12100,Ashley Manor Senior Living,"Unknown(0), Assisted Living Community","Unknown(0), Assisted Living Community, Memory Care"
12100,Ashley Manor Senior Living,"Unknown(0), Assisted Living Community","Unknown(0), Assisted Living Community, Memory Care"
10508,Harmony Assisted Living,"Unknown(0), Assisted Living Home","Unknown(0), Assisted Living Home, Memory Care"
12100,Ashley Manor Senior Living,"Unknown(0), Assisted Living Community","Unknown(0), Assisted Living Community, Memory Care"
12100,Ashley Manor Senior Living,"Unknown(0), Assisted Living Community","Unknown(0), Assisted Living Community, Memory Care"
12100,Ashley Manor Senior Living,"Unknown(0), Assisted Living Community","Unknown(0), Assisted Living Community, Memory Care"
12100,Ashley Manor Senior Living,"Unknown(0), Assisted Living Community","Unknown(0), Assisted Living Community, Memory Care"
12100,Ashley Manor Senior Living,"Unknown(0), Assisted Living Community","Unknown(0), Assisted Living Community, Memory Care"
12100,Ashley Manor Senior Living,"Unknown(0), Assisted Living Community","Unknown(0), Assisted Living Community, Memory Care"
12100,Ashley Manor Senior Living,"Unknown(0), Assisted Living Community","Unknown(0), Assisted Living Community, Memory Care"
12100,Ashley Manor Senior Living,"Unknown(0), Assisted Living Community","Unknown(0), Assisted Living Community, Memory Care"
9068,Parkview Assisted Living,"Unknown(0), Assisted Living Home","Unknown(0), Assisted Living Home, Memory Care"
12100,Ashley Manor Senior Living,"Unknown(0), Assisted Living Community","Unknown(0), Assisted Living Community, Memory Care"
12100,Ashley Manor Senior Living,"Unknown(0), Assisted Living Community","Unknown(0), Assisted Living Community, Memory Care"
12100,Ashley Manor Senior Living,"Unknown(0), Assisted Living Community","Unknown(0), Assisted Living Community, Memory Care"
12100,Ashley Manor Senior Living,"Unknown(0), Assisted Living Community","Unknown(0), Assisted Living Community, Memory Care"
12106,Aspen Creek Assisted Living,"Unknown(0), Assisted Living Community, Assisted Living Community, Memory Care","Unknown(0), Assisted Living Community, Assisted Living Community, Memory Care"
12130,Aspen Valley Senior Living Community,"Unknown(0), Assisted Living Community, Assisted Living Community, Memory Care","Unknown(0), Assisted Living Community, Assisted Living Community, Memory Care"
12133,Aspens At Fort Collins,"Unknown(0), Assisted Living Community, Assisted Living Community, Memory Care","Unknown(0), Assisted Living Community, Assisted Living Community, Memory Care"
12178,Assured Senior Living Arvada,"Unknown(0), Assisted Living Community, Assisted Living Community, Assisted Living Home, Unknown(2), Memory Care, Memory Care, Home Care","Unknown(0), Assisted Living Community, Assisted Living Community, Assisted Living Home, Unknown(2), Memory Care, Memory Care, Home Care"
12182,Assured Senior Living Wagon Trail,"Unknown(0), Assisted Living Home, Assisted Living Community, Memory Care","Unknown(0), Assisted Living Home, Assisted Living Community, Memory Care"
12187,Ativo Senior Living Of Albuquerque,"Unknown(0), Independent Living, Assisted Living Community, Assisted Living Community, Unknown(2), Memory Care","Unknown(0), Independent Living, Assisted Living Community, Assisted Living Community, Unknown(2), Memory Care"
7008,Ativo Senior Living Of Yuma,"Unknown(0), Independent Living, Assisted Living Community, Assisted Living Community, Unknown(2), Memory Care","Unknown(0), Independent Living, Assisted Living Community, Assisted Living Community, Unknown(2), Memory Care"
7009,Ativo Senior Living Prescott Valley,"Unknown(0), Independent Living, Assisted Living Community, Assisted Living Community, Unknown(2), Memory Care","Unknown(0), Independent Living, Assisted Living Community, Assisted Living Community, Unknown(2), Memory Care"
7011,Atria Campana Del Rio,"Unknown(0), Assisted Living Home, Assisted Living Community, Independent Living, Unknown(2), Memory Care","Unknown(0), Assisted Living Home, Assisted Living Community, Independent Living, Unknown(2), Memory Care"
12193,Atria Longmont,"Unknown(0), Independent Living, Assisted Living Community, Assisted Living Community, Unknown(2), Memory Care","Unknown(0), Independent Living, Assisted Living Community, Assisted Living Community, Unknown(2), Memory Care"
12206,Autumn Breeze Assisted Living,"Unknown(0), Assisted Living Community, Assisted Living Community, Memory Care","Unknown(0), Assisted Living Community, Assisted Living Community, Memory Care"
12212,Autumn Haven Assisted Living,"Unknown(0), Assisted Living Community, Assisted Living Community, Memory Care","Unknown(0), Assisted Living Community, Assisted Living Community, Memory Care"
12218,Avalon Memory Care,"Unknown(0), Assisted Living Community, Assisted Living Community, Memory Care","Unknown(0), Assisted Living Community, Assisted Living Community, Memory Care"
12222,Avamere At Mountain Ridge,"Unknown(0), Assisted Living Community, Assisted Living Community, Memory Care","Unknown(0), Assisted Living Community, Assisted Living Community, Memory Care"
12224,Avamere At Rio Rancho,"Unknown(0), Independent Living, Assisted Living Community, Assisted Living Community, Unknown(2), Memory Care","Unknown(0), Independent Living, Assisted Living Community, Assisted Living Community, Unknown(2), Memory Care"
7028,Avista Senior Living,"Unknown(0), Assisted Living Community","Unknown(0), Assisted Living Community, Memory Care"
12227,Avista Senior Living Albuquerque,"Unknown(0), Assisted Living Community, Assisted Living Community, Memory Care","Unknown(0), Assisted Living Community, Assisted Living Community, Memory Care"
12229,Avista Senior Living Garden City,"Unknown(0), Assisted Living Community, Assisted Living Community, Memory Care","Unknown(0), Assisted Living Community, Assisted Living Community, Memory Care"
12230,Avista Senior Living Nampa,"Unknown(0), Assisted Living Community, Assisted Living Community, Memory Care","Unknown(0), Assisted Living Community, Assisted Living Community, Memory Care"
12231,Avista Senior Living Twin Falls,"Unknown(0), Assisted Living Community, Assisted Living Community, Memory Care","Unknown(0), Assisted Living Community, Assisted Living Community, Memory Care"
7036,Avista Sun City West Memory Care,"Unknown(0), Assisted Living Community, Assisted Living Community, Memory Care","Unknown(0), Assisted Living Community, Assisted Living Community, Memory Care"
12237,Balfour At Littleton,"Unknown(0), Assisted Living Community, Assisted Living Community, Memory Care, Unknown(2), Nursing Home","Unknown(0), Assisted Living Community, Assisted Living Community, Memory Care, Unknown(2), Nursing Home"
12239,Balfour At Longmont,"Unknown(0), Independent Living, Assisted Living Community, Assisted Living Community, Unknown(2), Memory Care, Memory Care, Nursing Home","Unknown(0), Independent Living, Assisted Living Community, Assisted Living Community, Unknown(2), Memory Care, Memory Care, Nursing Home"
12241,Balfour At Riverfront Park,"Unknown(0), Independent Living, Assisted Living Community, Assisted Living Community, Unknown(2), Memory Care","Unknown(0), Independent Living, Assisted Living Community, Assisted Living Community, Unknown(2), Memory Care"
12243,Balfour Cherrywood Village,"Unknown(0), Assisted Living Community, Assisted Living Community, Memory Care","Unknown(0), Assisted Living Community, Assisted Living Community, Memory Care"
12245,Balfour Retirement Community,"Unknown(0), Independent Living, Assisted Living Community, Assisted Living Community, Unknown(2), Memory Care, Memory Care, Nursing Home","Unknown(0), Independent Living, Assisted Living Community, Assisted Living Community, Unknown(2), Memory Care, Memory Care, Nursing Home"
12249,Barber Station Assisted Living And Memory Care Long Wait List No Referral Fee,"Unknown(0), Assisted Living Community, Assisted Living Community, Memory Care","Unknown(0), Assisted Living Community, Assisted Living Community, Memory Care"
7061,Barton House I,"Unknown(0), Assisted Living Community, Assisted Living Community, Memory Care","Unknown(0), Assisted Living Community, Assisted Living Community, Memory Care"
12265,Bear Lake Manor,"Unknown(0), Assisted Living Community, Assisted Living Community, Memory Care","Unknown(0), Assisted Living Community, Assisted Living Community, Memory Care"
7065,Beatitudes Campus,"Unknown(0), Assisted Living Community, Assisted Living Community, Independent Living, Unknown(2), Memory Care, Memory Care, Nursing Home, Unknown(4), Home Care","Unknown(0), Assisted Living Community, Assisted Living Community, Independent Living, Unknown(2), Memory Care, Memory Care, Nursing Home, Unknown(4), Home Care"
12391,Beewell Assisted Living,"Unknown(0), Assisted Living Community","Unknown(0), Assisted Living Community, Memory Care"
12397,Bel Aire Senior Living,"Unknown(0), Assisted Living Community, Assisted Living Community, Assisted Living Home, Unknown(2), Memory Care","Unknown(0), Assisted Living Community, Assisted Living Community, Assisted Living Home, Unknown(2), Memory Care"
12405,Belleview Heights,"Unknown(0), Assisted Living Community, Assisted Living Community, Memory Care","Unknown(0), Assisted Living Community, Assisted Living Community, Memory Care"
7087,Belmont Village Scottsdale,"Unknown(0), Assisted Living Community, Assisted Living Community, Memory Care","Unknown(0), Assisted Living Community, Assisted Living Community, Memory Care"
12421,Bethesda Gardens Monument,"Unknown(0), Assisted Living Community, Assisted Living Community, Memory Care","Unknown(0), Assisted Living Community, Assisted Living Community, Memory Care"
7102,Bethesda Gardens Phoenix,"Unknown(0), Assisted Living Community, Assisted Living Community, Memory Care","Unknown(0), Assisted Living Community, Assisted Living Community, Memory Care"
12423,Bethesda Gardens Thornton,"Unknown(0), Assisted Living Community, Assisted Living Community, Memory Care","Unknown(0), Assisted Living Community, Assisted Living Community, Memory Care"
12429,Birch Creek Assisted Living,"Unknown(0), Assisted Living Community, Assisted Living Community, Memory Care","Unknown(0), Assisted Living Community, Assisted Living Community, Memory Care"
7123,Blue Iris Assisted Living Gh,"Unknown(0), Assisted Living Home, Assisted Living Community, Memory Care","Unknown(0), Assisted Living Home, Assisted Living Community, Memory Care"
12442,Bluebonnet Haus,"Unknown(0), Assisted Living Community, Assisted Living Community, Assisted Living Home, Unknown(2), Memory Care","Unknown(0), Assisted Living Community, Assisted Living Community, Assisted Living Home, Unknown(2), Memory Care"
12444,Bonaventure Of Castle Rock,"Unknown(0), Independent Living, Assisted Living Community, Assisted Living Community, Unknown(2), Memory Care","Unknown(0), Independent Living, Assisted Living Community, Assisted Living Community, Unknown(2), Memory Care"
12446,Bonaventure Of Colorado Springs,"Unknown(0), Assisted Living Community","Unknown(0), Assisted Living Community, Memory Care"
12450,Bonaventure Of Pueblo,"Unknown(0), Independent Living, Assisted Living Community, Assisted Living Community, Unknown(2), Memory Care","Unknown(0), Independent Living, Assisted Living Community, Assisted Living Community, Unknown(2), Memory Care"
12452,Bonaventure Of Thornton,"Unknown(0), Independent Living, Assisted Living Community, Assisted Living Community, Unknown(2), Memory Care","Unknown(0), Independent Living, Assisted Living Community, Assisted Living Community, Unknown(2), Memory Care"
12464,Bridge Assisted Living At Sandpoint,"Unknown(0), Assisted Living Community, Assisted Living Community, Memory Care","Unknown(0), Assisted Living Community, Assisted Living Community, Memory Care"
10072,Valley Assisted Living,"Unknown(0), Assisted Living Home","Unknown(0), Assisted Living Home, Memory Care"
12488,Brightstar Care Homes Hobble Creek,"Unknown(0), Assisted Living Community, Assisted Living Community, Memory Care","Unknown(0), Assisted Living Community, Assisted Living Community, Memory Care"
12478,Bright Assisted Living,"Unknown(0), Assisted Living Home","Unknown(0), Assisted Living Home, Memory Care"
12490,Brightstar Care Homes Prickly Pear,"Unknown(0), Assisted Living Community, Assisted Living Community, Assisted Living Home, Unknown(2), Memory Care","Unknown(0), Assisted Living Community, Assisted Living Community, Assisted Living Home, Unknown(2), Memory Care"
12492,Brightstar Care Homes Settlers,"Unknown(0), Assisted Living Community, Assisted Living Community, Memory Care","Unknown(0), Assisted Living Community, Assisted Living Community, Memory Care"
12494,Brightstar Care Homes Stephen,"Unknown(0), Assisted Living Community, Assisted Living Community, Assisted Living Home, Unknown(2), Memory Care","Unknown(0), Assisted Living Community, Assisted Living Community, Assisted Living Home, Unknown(2), Memory Care"
12498,Brightstar Care Homes Taft,"Unknown(0), Assisted Living Community, Assisted Living Community, Memory Care","Unknown(0), Assisted Living Community, Assisted Living Community, Memory Care"
12512,Broadway Hills,"Unknown(0), Assisted Living Community, Assisted Living Community, Memory Care","Unknown(0), Assisted Living Community, Assisted Living Community, Memory Care"
12515,Brookdale Arvada,"Unknown(0), Assisted Living Community, Assisted Living Community, Memory Care","Unknown(0), Assisted Living Community, Assisted Living Community, Memory Care"
7147,Brookdale Baywood,"Unknown(0), Assisted Living Home, Assisted Living Community, Memory Care","Unknown(0), Assisted Living Home, Assisted Living Community, Memory Care"
12523,Brookdale Briargate,"Unknown(0), Assisted Living Community, Assisted Living Community, Memory Care","Unknown(0), Assisted Living Community, Assisted Living Community, Memory Care"
12527,Brookdale Broadmoor,"Unknown(0), Assisted Living Community, Assisted Living Community, Memory Care","Unknown(0), Assisted Living Community, Assisted Living Community, Memory Care"
7148,Brookdale Camino Del Sol,"Unknown(0), Memory Care","Unknown(0), Memory Care"
7149,Brookdale Central Chandler,"Unknown(0), Assisted Living Home, Assisted Living Community, Memory Care","Unknown(0), Assisted Living Home, Assisted Living Community, Memory Care"
7150,Brookdale Central Paradise Valley,"Unknown(0), Assisted Living Home, Assisted Living Community, Independent Living, Unknown(2), Memory Care","Unknown(0), Assisted Living Home, Assisted Living Community, Independent Living, Unknown(2), Memory Care"
12529,Brookdale Chubbuck,"Unknown(0), Assisted Living Community, Assisted Living Community, Memory Care","Unknown(0), Assisted Living Community, Assisted Living Community, Memory Care"
12531,Brookdale Coeur Dalene,"Unknown(0), Assisted Living Community, Assisted Living Community, Memory Care","Unknown(0), Assisted Living Community, Assisted Living Community, Memory Care"
7153,Brookdale Desert Ridge,"Unknown(0), Assisted Living Home, Assisted Living Community, Memory Care","Unknown(0), Assisted Living Home, Assisted Living Community, Memory Care"
7155,Brookdale East Mesa,"Unknown(0), Memory Care","Unknown(0), Memory Care"
7157,Brookdale Flagstaff,"Unknown(0), Assisted Living Home, Assisted Living Community, Memory Care","Unknown(0), Assisted Living Home, Assisted Living Community, Memory Care"
12535,Brookdale Fort Collins Al Co,"Unknown(0), Assisted Living Community, Assisted Living Community, Memory Care","Unknown(0), Assisted Living Community, Assisted Living Community, Memory Care"
12537,Brookdale Fort Collins Mc Co,"Unknown(0), Assisted Living Community, Assisted Living Community, Memory Care","Unknown(0), Assisted Living Community, Assisted Living Community, Memory Care"
12541,Brookdale Greenwood Village,"Unknown(0), Assisted Living Community, Assisted Living Community, Independent Living, Unknown(2), Memory Care, Memory Care, Nursing Home","Unknown(0), Assisted Living Community, Assisted Living Community, Independent Living, Unknown(2), Memory Care, Memory Care, Nursing Home"
12543,Brookdale Highlands Ranch,"Unknown(0), Assisted Living Community, Assisted Living Community, Memory Care","Unknown(0), Assisted Living Community, Assisted Living Community, Memory Care"
12545,Brookdale Lewiston,"Unknown(0), Assisted Living Community, Assisted Living Community, Memory Care","Unknown(0), Assisted Living Community, Assisted Living Community, Memory Care"
12551,Brookdale Lowry,"Unknown(0), Assisted Living Community, Assisted Living Community, Memory Care","Unknown(0), Assisted Living Community, Assisted Living Community, Memory Care"
12559,Brookdale Meridian Englewood,"Unknown(0), Independent Living, Assisted Living Community, Assisted Living Community, Unknown(2), Memory Care, Memory Care, Nursing Home","Unknown(0), Independent Living, Assisted Living Community, Assisted Living Community, Unknown(2), Memory Care, Memory Care, Nursing Home"
12567,Brookdale Monument Valley Park,"Unknown(0), Assisted Living Community, Assisted Living Community, Memory Care","Unknown(0), Assisted Living Community, Assisted Living Community, Memory Care"
7158,Brookdale North Gilbert,"Unknown(0), Memory Care","Unknown(0), Memory Care"
7159,Brookdale North Glendale,"Unknown(0), Memory Care","Unknown(0), Memory Care"
12570,Brookdale North Loveland,"Unknown(0), Assisted Living Community, Assisted Living Community, Memory Care","Unknown(0), Assisted Living Community, Assisted Living Community, Memory Care"
7161,Brookdale North Scottsdale,"Unknown(0), Assisted Living Home, Assisted Living Community, Memory Care","Unknown(0), Assisted Living Home, Assisted Living Community, Memory Care"
7162,Brookdale North Tucson,"Unknown(0), Assisted Living Home, Assisted Living Community, Memory Care","Unknown(0), Assisted Living Home, Assisted Living Community, Memory Care"
7163,Brookdale Oro Valley Alzheimers Dementia Care,"Unknown(0), Memory Care","Unknown(0), Memory Care"
12572,Brookdale Parkplace,"Unknown(0), Independent Living, Assisted Living Community, Assisted Living Community, Unknown(2), Memory Care, Memory Care, Home Care","Unknown(0), Independent Living, Assisted Living Community, Assisted Living Community, Unknown(2), Memory Care, Memory Care, Home Care"
12574,Brookdale Pinehurst Park,"Unknown(0), Assisted Living Community, Assisted Living Community, Memory Care","Unknown(0), Assisted Living Community, Assisted Living Community, Memory Care"
12576,Brookdale Pocatello,"Unknown(0), Assisted Living Community, Assisted Living Community, Memory Care","Unknown(0), Assisted Living Community, Assisted Living Community, Memory Care"
12582,Brookdale Skyline Ccrc,"Unknown(0), Assisted Living Community, Assisted Living Community, Independent Living, Unknown(2), Memory Care, Memory Care, Nursing Home","Unknown(0), Assisted Living Community, Assisted Living Community, Independent Living, Unknown(2), Memory Care, Memory Care, Nursing Home"
7167,Brookdale Tanque Verde,"Unknown(0), Assisted Living Community, Assisted Living Community, Memory Care","Unknown(0), Assisted Living Community, Assisted Living Community, Memory Care"
7168,Brookdale Tempe,"Unknown(0), Memory Care","Unknown(0), Memory Care"
12587,Brookdale Tramway Ridge,"Unknown(0), Assisted Living Community, Assisted Living Community, Memory Care","Unknown(0), Assisted Living Community, Assisted Living Community, Memory Care"
12592,Brookdale Twin Falls,"Unknown(0), Assisted Living Community, Assisted Living Community, Memory Care","Unknown(0), Assisted Living Community, Assisted Living Community, Memory Care"
7170,Brookdale Union Hills,"Unknown(0), Assisted Living Community, Assisted Living Community, Memory Care","Unknown(0), Assisted Living Community, Assisted Living Community, Memory Care"
12602,Brooklyn House,"Unknown(0), Assisted Living Community, Assisted Living Community, Assisted Living Home, Unknown(2), Memory Care","Unknown(0), Assisted Living Community, Assisted Living Community, Assisted Living Home, Unknown(2), Memory Care"
12606,Brookside Landing Orofino,"Unknown(0), Assisted Living Community, Assisted Living Community, Memory Care","Unknown(0), Assisted Living Community, Assisted Living Community, Memory Care"
12612,Cache Valley Assisted Living,"Unknown(0), Independent Living, Assisted Living Community, Assisted Living Community, Unknown(2), Memory Care","Unknown(0), Independent Living, Assisted Living Community, Assisted Living Community, Unknown(2), Memory Care"
7180,Cadence Chandler,"Unknown(0), Assisted Living Home, Assisted Living Community, Independent Living, Unknown(2), Memory Care","Unknown(0), Assisted Living Home, Assisted Living Community, Independent Living, Unknown(2), Memory Care"
7185,Caliche Senior Living,"Unknown(0), Assisted Living Home, Assisted Living Community, Memory Care","Unknown(0), Assisted Living Home, Assisted Living Community, Memory Care"
7193,Canyon Assisted Living,"Unknown(0), Assisted Living Home","Unknown(0), Assisted Living Home, Memory Care"
7195,Canyon Valley Memory Care Residence,"Unknown(0), Assisted Living Home, Assisted Living Community, Memory Care","Unknown(0), Assisted Living Home, Assisted Living Community, Memory Care"
7197,Canyon Winds Retirement,"Unknown(0), Independent Living, Assisted Living Community, Assisted Living Community, Unknown(2), Memory Care","Unknown(0), Independent Living, Assisted Living Community, Assisted Living Community, Unknown(2), Memory Care"
12640,Cappella Of Grand Junction,"Unknown(0), Assisted Living Community, Assisted Living Community, Memory Care","Unknown(0), Assisted Living Community, Assisted Living Community, Memory Care"
7207,Carefree Assisted Living Center,"Unknown(0), Assisted Living Home, Assisted Living Community, Memory Care","Unknown(0), Assisted Living Home, Assisted Living Community, Memory Care"
12659,Carillon At Belleview Station The,"Unknown(0), Assisted Living Community","Unknown(0), Assisted Living Community, Memory Care"
7222,Caring Hearts Assisted Living,"Unknown(0), Assisted Living Home","Unknown(0), Assisted Living Home, Memory Care"
7222,Caring Hearts Assisted Living,"Unknown(0), Assisted Living Home","Unknown(0), Assisted Living Home, Memory Care"
12671,Carrington Court Assisted Living And Memory Care,"Unknown(0), Independent Living, Assisted Living Community, Assisted Living Community, Unknown(2), Memory Care","Unknown(0), Independent Living, Assisted Living Community, Assisted Living Community, Unknown(2), Memory Care"
7244,Cascades Of Tucson,"Unknown(0), Assisted Living Home, Assisted Living Community, Independent Living, Unknown(2), Memory Care","Unknown(0), Assisted Living Home, Assisted Living Community, Independent Living, Unknown(2), Memory Care"
12702,Castle Peak Assisted Living,"Unknown(0), Assisted Living Community, Assisted Living Community, Memory Care, Unknown(2), Nursing Home","Unknown(0), Assisted Living Community, Assisted Living Community, Memory Care, Unknown(2), Nursing Home"
7246,Catalina Springs Memory Care,"Unknown(0), Memory Care","Unknown(0), Memory Care"
7248,Cave Creek Assisted Living And Memory Care,"Unknown(0), Assisted Living Community, Assisted Living Community, Memory Care","Unknown(0), Assisted Living Community, Assisted Living Community, Memory Care"
12713,Cedarwood At Sandy Assisted Living,"Unknown(0), Independent Living, Assisted Living Community, Assisted Living Community, Unknown(2), Memory Care","Unknown(0), Independent Living, Assisted Living Community, Assisted Living Community, Unknown(2), Memory Care"
12727,Chardonnay Assisted Living,"Unknown(0), Assisted Living Community, Assisted Living Community, Memory Care","Unknown(0), Assisted Living Community, Assisted Living Community, Memory Care"
12729,Chardonnay Assisted Living House 3,"Unknown(0), Assisted Living Community, Assisted Living Community, Memory Care","Unknown(0), Assisted Living Community, Assisted Living Community, Memory Care"
12739,Chateau At Sharmar Assisted Living,"Unknown(0), Assisted Living Community, Assisted Living Community, Memory Care, Unknown(2), Nursing Home","Unknown(0), Assisted Living Community, Assisted Living Community, Memory Care, Unknown(2), Nursing Home"
12743,Chateau Des Mons Care And Assisted Living,"Unknown(0), Assisted Living Community, Assisted Living Community, Memory Care","Unknown(0), Assisted Living Community, Assisted Living Community, Memory Care"
12751,Cherry Hills Assisted Living And Memory Care,"Unknown(0), Assisted Living Community, Assisted Living Community, Memory Care","Unknown(0), Assisted Living Community, Assisted Living Community, Memory Care"
7280,Circle Of Life Alzheimer Homes,"Unknown(0), Assisted Living Home, Assisted Living Community, Memory Care","Unknown(0), Assisted Living Home, Assisted Living Community, Memory Care"
7280,Circle Of Life Alzheimer Homes,"Unknown(0), Assisted Living Home, Assisted Living Community, Memory Care","Unknown(0), Assisted Living Home, Assisted Living Community, Memory Care"
7280,Circle Of Life Alzheimer Homes,"Unknown(0), Assisted Living Home, Assisted Living Community, Memory Care","Unknown(0), Assisted Living Home, Assisted Living Community, Memory Care"
7280,Circle Of Life Alzheimer Homes,"Unknown(0), Assisted Living Home, Assisted Living Community, Memory Care","Unknown(0), Assisted Living Home, Assisted Living Community, Memory Care"
7280,Circle Of Life Alzheimer Homes,"Unknown(0), Assisted Living Home, Assisted Living Community, Memory Care","Unknown(0), Assisted Living Home, Assisted Living Community, Memory Care"
7280,Circle Of Life Alzheimer Homes,"Unknown(0), Assisted Living Home, Assisted Living Community, Memory Care","Unknown(0), Assisted Living Home, Assisted Living Community, Memory Care"
7280,Circle Of Life Alzheimer Homes,"Unknown(0), Assisted Living Home, Assisted Living Community, Memory Care","Unknown(0), Assisted Living Home, Assisted Living Community, Memory Care"
7280,Circle Of Life Alzheimer Homes,"Unknown(0), Assisted Living Home, Assisted Living Community, Memory Care","Unknown(0), Assisted Living Home, Assisted Living Community, Memory Care"
7287,Circles Of Life Residential Care,"Unknown(0), Assisted Living Home","Unknown(0), Assisted Living Home, Memory Care"
7293,Clarendale Arcadia,"Unknown(0), Assisted Living Home, Assisted Living Community, Independent Living, Unknown(2), Memory Care","Unknown(0), Assisted Living Home, Assisted Living Community, Independent Living, Unknown(2), Memory Care"
7294,Clarendale Of Chandler,"Unknown(0), Assisted Living Home, Assisted Living Community, Independent Living, Unknown(2), Memory Care","Unknown(0), Assisted Living Home, Assisted Living Community, Independent Living, Unknown(2), Memory Care"
7298,Clearwater Agritopia,"Unknown(0), Assisted Living Community, Assisted Living Community, Memory Care","Unknown(0), Assisted Living Community, Assisted Living Community, Memory Care"
7299,Clearwater Ahwatukee,"Unknown(0), Independent Living, Assisted Living Community, Assisted Living Community, Unknown(2), Memory Care","Unknown(0), Independent Living, Assisted Living Community, Assisted Living Community, Unknown(2), Memory Care"
7300,Clearwater Mayo Blvd,"Unknown(0), Independent Living, Assisted Living Community, Assisted Living Community, Unknown(2), Memory Care","Unknown(0), Independent Living, Assisted Living Community, Assisted Living Community, Unknown(2), Memory Care"
7301,Clearwater Pinnacle Peak,"Unknown(0), Independent Living, Assisted Living Community, Assisted Living Community, Unknown(2), Memory Care","Unknown(0), Independent Living, Assisted Living Community, Assisted Living Community, Unknown(2), Memory Care"
12765,Clermont Park Assisted Living,"Unknown(0), Independent Living, Assisted Living Community, Assisted Living Community, Unknown(2), Memory Care, Memory Care, Nursing Home","Unknown(0), Independent Living, Assisted Living Community, Assisted Living Community, Unknown(2), Memory Care, Memory Care, Nursing Home"
12771,Cogir Of Broomfield Senior Living,"Unknown(0), Independent Living, Assisted Living Community, Assisted Living Community, Unknown(2), Memory Care","Unknown(0), Independent Living, Assisted Living Community, Assisted Living Community, Unknown(2), Memory Care"
12773,Cogir Of Lotus Park Senior Living,"Unknown(0), Assisted Living Community, Assisted Living Community, Memory Care","Unknown(0), Assisted Living Community, Assisted Living Community, Memory Care"
12775,Colibri Assisted Living,"Unknown(0), Assisted Living Community, Assisted Living Community, Assisted Living Home, Unknown(2), Memory Care","Unknown(0), Assisted Living Community, Assisted Living Community, Assisted Living Home, Unknown(2), Memory Care"
12800,Community Restorium,"Unknown(0), Assisted Living Community, Assisted Living Community, Memory Care","Unknown(0), Assisted Living Community, Assisted Living Community, Memory Care"
12816,Constant Care V Cheyenne,"Unknown(0), Assisted Living Home, Assisted Living Community, Memory Care","Unknown(0), Assisted Living Home, Assisted Living Community, Memory Care"
10932,Copper Canyon,"Unknown(0), Assisted Living Home, Assisted Living Community, Memory Care","Unknown(0), Assisted Living Home, Assisted Living Community, Memory Care"
7329,Copper Creek Inn Memory Care Community,"Unknown(0), Memory Care","Unknown(0), Memory Care"
12820,Copper Creek Senior Living,"Unknown(0), Independent Living, Assisted Living Community, Assisted Living Community, Unknown(2), Memory Care","Unknown(0), Independent Living, Assisted Living Community, Assisted Living Community, Unknown(2), Memory Care"
12824,Copper Springs Senior Living,"Unknown(0), Assisted Living Community, Assisted Living Community, Memory Care","Unknown(0), Assisted Living Community, Assisted Living Community, Memory Care"
7338,Cornerstone Al,"Unknown(0), Assisted Living Home","Unknown(0), Assisted Living Home, Memory Care"
12831,Cottages At Lochsa Falls The,"Unknown(0), Assisted Living Community, Assisted Living Community, Memory Care","Unknown(0), Assisted Living Community, Assisted Living Community, Memory Care"
12833,Cottages Senior Living I Llc Dba The Cottages Of Emmett,"Unknown(0), Assisted Living Community, Assisted Living Community, Memory Care","Unknown(0), Assisted Living Community, Assisted Living Community, Memory Care"
12835,Cottages Senior Living I Llc Dba The Cottages Of Meridian,"Unknown(0), Assisted Living Community, Assisted Living Community, Memory Care","Unknown(0), Assisted Living Community, Assisted Living Community, Memory Care"
12837,Cottages Senior Living I Llc Dba The Cottages Of Middleton,"Unknown(0), Assisted Living Community, Assisted Living Community, Memory Care","Unknown(0), Assisted Living Community, Assisted Living Community, Memory Care"
12839,Cottages Senior Living I Llc Dba The Cottages Of Mountain Home,"Unknown(0), Assisted Living Community, Assisted Living Community, Memory Care","Unknown(0), Assisted Living Community, Assisted Living Community, Memory Care"
12840,Cottages Senior Living I Llc Dba The Cottages Of Payette,"Unknown(0), Assisted Living Community, Assisted Living Community, Memory Care","Unknown(0), Assisted Living Community, Assisted Living Community, Memory Care"
12842,Cottages Senior Living I Llc Dba The Cottages Of Weiser,"Unknown(0), Assisted Living Community, Assisted Living Community, Memory Care","Unknown(0), Assisted Living Community, Assisted Living Community, Memory Care"
7341,Cottonwood Village,"Unknown(0), Assisted Living Home, Assisted Living Community, Independent Living, Unknown(2), Memory Care","Unknown(0), Assisted Living Home, Assisted Living Community, Independent Living, Unknown(2), Memory Care"
7308,Comfort Assisted Living,"Unknown(0), Assisted Living Home","Unknown(0), Assisted Living Home, Memory Care"
12855,Country Home,"Unknown(0), Assisted Living Home","Unknown(0), Assisted Living Home, Memory Care"
12860,Country Living Retirement Of Mountain Home,"Unknown(0), Assisted Living Community, Assisted Living Community, Memory Care","Unknown(0), Assisted Living Community, Assisted Living Community, Memory Care"
12865,Country Time Assisted Living,"Unknown(0), Assisted Living Community, Assisted Living Community, Memory Care","Unknown(0), Assisted Living Community, Assisted Living Community, Memory Care"
12869,Courtyard At Jamestown,"Unknown(0), Assisted Living Community","Unknown(0), Assisted Living Community, Memory Care"
12873,Cove Of Cascadia The,"Unknown(0), Assisted Living Community, Assisted Living Community, Memory Care, Unknown(2), Nursing Home","Unknown(0), Assisted Living Community, Assisted Living Community, Memory Care, Unknown(2), Nursing Home"
12880,Covington Senior Living Of Lehi,"Unknown(0), Independent Living, Assisted Living Community, Assisted Living Community, Unknown(2), Memory Care","Unknown(0), Independent Living, Assisted Living Community, Assisted Living Community, Unknown(2), Memory Care"
12884,Creekside Care Center,"Unknown(0), Assisted Living Community, Assisted Living Community, Memory Care","Unknown(0), Assisted Living Community, Assisted Living Community, Memory Care"
12886,Creekside Inn Assisted Living Alzheimers Community,"Unknown(0), Assisted Living Community, Assisted Living Community, Memory Care","Unknown(0), Assisted Living Community, Assisted Living Community, Memory Care"
12884,Creekside Care Center,"Unknown(0), Assisted Living Community, Assisted Living Community, Memory Care","Unknown(0), Assisted Living Community, Assisted Living Community, Memory Care"
12900,Crestwood Serenity Assisted Living,"Unknown(0), Assisted Living Community, Assisted Living Community, Assisted Living Home, Unknown(2), Memory Care","Unknown(0), Assisted Living Community, Assisted Living Community, Assisted Living Home, Unknown(2), Memory Care"
7369,Dahlia Assisted Living And Memory Care,"Unknown(0), Assisted Living Home, Assisted Living Community, Memory Care","Unknown(0), Assisted Living Home, Assisted Living Community, Memory Care"
7377,Davis Place Senior Living,"Unknown(0), Assisted Living Community, Assisted Living Community, Memory Care","Unknown(0), Assisted Living Community, Assisted Living Community, Memory Care"
12917,Desano Place Suites,"Unknown(0), Assisted Living Community","Unknown(0), Assisted Living Community, Memory Care"
7390,Desert Breeze Of Ahwatukee,"Unknown(0), Assisted Living Home, Assisted Living Community, Memory Care","Unknown(0), Assisted Living Home, Assisted Living Community, Memory Care"
10977,Desert Gardens Assisted Living And Memory Care At Hacienda,"Unknown(0), Assisted Living Home","Unknown(0), Assisted Living Home, Memory Care"
7438,Desert Willow Assisted Living,"Unknown(0), Assisted Living Home","Unknown(0), Assisted Living Home, Memory Care"
12934,Discovery Rehabilitation And Living,"Unknown(0), Assisted Living Community, Assisted Living Community, Memory Care, Unknown(2), Nursing Home","Unknown(0), Assisted Living Community, Assisted Living Community, Memory Care, Unknown(2), Nursing Home"
6721,29192 Assisted Living,"Unknown(0), Assisted Living Home","Unknown(0), Assisted Living Home, Memory Care"
12975,Edgewood Aspen Wind,"Unknown(0), Memory Care","Unknown(0), Memory Care"
12977,Edgewood Castle Hills,"Unknown(0), Assisted Living Community, Assisted Living Community, Memory Care","Unknown(0), Assisted Living Community, Assisted Living Community, Memory Care"
12979,Edgewood Fruitland Senior Living,"Unknown(0), Assisted Living Community, Assisted Living Community, Memory Care","Unknown(0), Assisted Living Community, Assisted Living Community, Memory Care"
12981,Edgewood Plantation Place,"Unknown(0), Assisted Living Community, Assisted Living Community, Memory Care","Unknown(0), Assisted Living Community, Assisted Living Community, Memory Care"
6874,American Assisted Living,"Unknown(0), Assisted Living Home","Unknown(0), Assisted Living Home, Memory Care"
9593,Spring Assisted Living,"Unknown(0), Assisted Living Home","Unknown(0), Assisted Living Home, Memory Care"
9593,Spring Assisted Living,"Unknown(0), Assisted Living Home","Unknown(0), Assisted Living Home, Memory Care"
8689,Meridian Assisted Living,"Unknown(0), Assisted Living Home","Unknown(0), Assisted Living Home, Memory Care"
9593,Spring Assisted Living,"Unknown(0), Assisted Living Home","Unknown(0), Assisted Living Home, Memory Care"
9593,Spring Assisted Living,"Unknown(0), Assisted Living Home","Unknown(0), Assisted Living Home, Memory Care"
6834,Alaga Residential Assisted Living,"Unknown(0), Assisted Living Home","Unknown(0), Assisted Living Home, Memory Care"
7521,Elite Memory Care,"Unknown(0), Assisted Living Home, Assisted Living Community, Memory Care","Unknown(0), Assisted Living Home, Assisted Living Community, Memory Care"
7551,Emerald Glen Memory Care Plus,"Unknown(0), Assisted Living Community, Assisted Living Community, Memory Care","Unknown(0), Assisted Living Community, Assisted Living Community, Memory Care"
7557,Emerald Springs Senior Living,"Unknown(0), Assisted Living Home, Assisted Living Community, Independent Living, Unknown(2), Memory Care","Unknown(0), Assisted Living Home, Assisted Living Community, Independent Living, Unknown(2), Memory Care"
10540,Emerson Assisted Living,"Unknown(0), Assisted Living Home","Unknown(0), Assisted Living Home, Memory Care"
13034,Escalante At Coventry,"Unknown(0), Independent Living, Assisted Living Community, Assisted Living Community, Unknown(2), Memory Care","Unknown(0), Independent Living, Assisted Living Community, Assisted Living Community, Unknown(2), Memory Care"
7597,Eternal Spring Of Gilbert,"Unknown(0), Assisted Living Home, Assisted Living Community, Memory Care","Unknown(0), Assisted Living Home, Assisted Living Community, Memory Care"
13045,Evergreen Place Assisted Living,"Unknown(0), Assisted Living Community, Assisted Living Community, Memory Care","Unknown(0), Assisted Living Community, Assisted Living Community, Memory Care"
7625,Eyal Llc 2,"Unknown(0), Assisted Living Home, Assisted Living Community, Memory Care","Unknown(0), Assisted Living Home, Assisted Living Community, Memory Care"
13057,Fairfield Village Of Layton,"Unknown(0), Independent Living, Assisted Living Community, Assisted Living Community, Unknown(2), Memory Care","Unknown(0), Independent Living, Assisted Living Community, Assisted Living Community, Unknown(2), Memory Care"
7631,Fairmont Village Memory Care And Behavioral,"Unknown(0), Memory Care","Unknown(0), Memory Care"
13059,Fairwinds Sandcreek,"Unknown(0), Assisted Living Community, Assisted Living Community, Memory Care","Unknown(0), Assisted Living Community, Assisted Living Community, Memory Care"
13065,Family Life,"Unknown(0), Assisted Living Community, Assisted Living Community, Memory Care","Unknown(0), Assisted Living Community, Assisted Living Community, Memory Care"
7680,Fellowship Square Historic Mesa,"Unknown(0), Independent Living, Assisted Living Community, Assisted Living Community, Unknown(2), Memory Care","Unknown(0), Independent Living, Assisted Living Community, Assisted Living Community, Unknown(2), Memory Care"
7682,Fellowship Square Phoenix,"Unknown(0), Independent Living, Assisted Living Community, Assisted Living Community, Unknown(2), Memory Care, Memory Care, Nursing Home","Unknown(0), Independent Living, Assisted Living Community, Assisted Living Community, Unknown(2), Memory Care, Memory Care, Nursing Home"
13078,Five Star Residences Of Dayton Place,"Unknown(0), Independent Living, Assisted Living Community, Assisted Living Community, Unknown(2), Memory Care","Unknown(0), Independent Living, Assisted Living Community, Assisted Living Community, Unknown(2), Memory Care"
7736,Fountain View Village,"Unknown(0), Independent Living, Assisted Living Community, Assisted Living Community, Unknown(2), Memory Care","Unknown(0), Independent Living, Assisted Living Community, Assisted Living Community, Unknown(2), Memory Care"
13100,Fox Den Homes Bannock House,"Unknown(0), Assisted Living Community, Assisted Living Community, Assisted Living Home, Unknown(2), Memory Care","Unknown(0), Assisted Living Community, Assisted Living Community, Assisted Living Home, Unknown(2), Memory Care"
13102,Fox Den Homes North End House,"Unknown(0), Assisted Living Community, Assisted Living Community, Assisted Living Home, Unknown(2), Memory Care","Unknown(0), Assisted Living Community, Assisted Living Community, Assisted Living Home, Unknown(2), Memory Care"
13104,Foxtail Assisted Living,"Unknown(0), Assisted Living Community, Assisted Living Community, Memory Care","Unknown(0), Assisted Living Community, Assisted Living Community, Memory Care"
7751,Friendship Village Of Tempe,"Unknown(0), Assisted Living Community, Assisted Living Community, Memory Care, Unknown(2), Nursing Home, Memory Care, Home Care","Unknown(0), Assisted Living Community, Assisted Living Community, Memory Care, Unknown(2), Nursing Home, Memory Care, Home Care"
13123,Gables Assisted Living And Memory Care Of Caldwell,"Unknown(0), Assisted Living Community, Assisted Living Community, Memory Care","Unknown(0), Assisted Living Community, Assisted Living Community, Memory Care"
13124,Gables Of Ammon Management,"Unknown(0), Assisted Living Community, Assisted Living Community, Memory Care","Unknown(0), Assisted Living Community, Assisted Living Community, Memory Care"
13126,Gables Of Blackfoot Assisted Living Ii,"Unknown(0), Assisted Living Community, Assisted Living Community, Memory Care","Unknown(0), Assisted Living Community, Assisted Living Community, Memory Care"
13126,Gables Of Blackfoot Assisted Living Ii,"Unknown(0), Assisted Living Community, Assisted Living Community, Memory Care","Unknown(0), Assisted Living Community, Assisted Living Community, Memory Care"
13128,Gables Of Brigham City,"Unknown(0), Assisted Living Community, Assisted Living Community, Memory Care","Unknown(0), Assisted Living Community, Assisted Living Community, Memory Care"
13130,Gables Of Idaho Falls Assisted Living Memory Care,"Unknown(0), Assisted Living Community, Assisted Living Community, Memory Care","Unknown(0), Assisted Living Community, Assisted Living Community, Memory Care"
13132,Gables Of North Logan Assisted Living,"Unknown(0), Assisted Living Community, Assisted Living Community, Memory Care","Unknown(0), Assisted Living Community, Assisted Living Community, Memory Care"
13134,Gables Of Pocatello Assisted Living,"Unknown(0), Assisted Living Community, Assisted Living Community, Memory Care","Unknown(0), Assisted Living Community, Assisted Living Community, Memory Care"
13136,Gables Of Pocatello Assisted Living Ii,"Unknown(0), Assisted Living Community, Assisted Living Community, Memory Care","Unknown(0), Assisted Living Community, Assisted Living Community, Memory Care"
7769,Gardens At Ocotillo Senior Livingspectrum Retirement,"Unknown(0), Independent Living, Assisted Living Community, Assisted Living Community, Unknown(2), Memory Care","Unknown(0), Independent Living, Assisted Living Community, Assisted Living Community, Unknown(2), Memory Care"
13156,Gardens At St Elizabeth,"Unknown(0), Assisted Living Community","Unknown(0), Assisted Living Community, Memory Care"
7773,Gardens Care Scottsdale Formally Truewood By Merrill Gardens,"Unknown(0), Independent Living, Assisted Living Community, Assisted Living Community, Unknown(2), Memory Care","Unknown(0), Independent Living, Assisted Living Community, Assisted Living Community, Unknown(2), Memory Care"
13154,Gardens Assisted Living,"Unknown(0), Assisted Living Community","Unknown(0), Assisted Living Community, Memory Care"
13200,Gardens On Quail,"Unknown(0), Assisted Living Community, Assisted Living Community, Memory Care","Unknown(0), Assisted Living Community, Assisted Living Community, Memory Care"
13202,Generations Memory Care At Rathdrum,"Unknown(0), Assisted Living Community, Assisted Living Community, Memory Care","Unknown(0), Assisted Living Community, Assisted Living Community, Memory Care"
7807,Glencroft Center For Modern Aging,"Unknown(0), Independent Living, Assisted Living Community, Assisted Living Community, Unknown(2), Memory Care","Unknown(0), Independent Living, Assisted Living Community, Assisted Living Community, Unknown(2), Memory Care"
7847,Golden Senior Living,"Unknown(0), Assisted Living Home","Unknown(0), Assisted Living Home, Memory Care"
7829,Golden Care,"Unknown(0), Assisted Living Home, Assisted Living Community, Memory Care","Unknown(0), Assisted Living Home, Assisted Living Community, Memory Care"
7847,Golden Senior Living,"Unknown(0), Assisted Living Home","Unknown(0), Assisted Living Home, Memory Care"
13232,Golden Pond,"Unknown(0), Independent Living, Assisted Living Community, Assisted Living Community, Unknown(2), Memory Care, Memory Care, Home Care","Unknown(0), Independent Living, Assisted Living Community, Assisted Living Community, Unknown(2), Memory Care, Memory Care, Home Care"
7890,Grace Assisted Living,"Unknown(0), Assisted Living Home","Unknown(0), Assisted Living Home, Memory Care"
13280,Grace Assisted Living At Caldwell,"Unknown(0), Assisted Living Community, Assisted Living Community, Memory Care","Unknown(0), Assisted Living Community, Assisted Living Community, Memory Care"
7817,Gods Grace Assisted Living,"Unknown(0), Assisted Living Home","Unknown(0), Assisted Living Home, Memory Care"
13281,Grace Assisted Living At State Street,"Unknown(0), Assisted Living Community, Assisted Living Community, Memory Care","Unknown(0), Assisted Living Community, Assisted Living Community, Memory Care"
13284,Grace Assisted Living Of Fairview Lakes,"Unknown(0), Assisted Living Community, Assisted Living Community, Memory Care","Unknown(0), Assisted Living Community, Assisted Living Community, Memory Care"
13286,Grace At Chubbuck,"Unknown(0), Assisted Living Community, Assisted Living Community, Memory Care","Unknown(0), Assisted Living Community, Assisted Living Community, Memory Care"
13288,Grace At Fruitland,"Unknown(0), Assisted Living Community, Assisted Living Community, Memory Care","Unknown(0), Assisted Living Community, Assisted Living Community, Memory Care"
13290,Grace At Twin Falls,"Unknown(0), Assisted Living Community, Assisted Living Community, Memory Care","Unknown(0), Assisted Living Community, Assisted Living Community, Memory Care"
13291,Grace Memory Care At State Street,"Unknown(0), Assisted Living Community, Assisted Living Community, Memory Care","Unknown(0), Assisted Living Community, Assisted Living Community, Memory Care"
13293,Grace Mountain Care Home,"Unknown(0), Assisted Living Community, Assisted Living Community, Memory Care","Unknown(0), Assisted Living Community, Assisted Living Community, Memory Care"
7926,Granite Gate Senior Living,"Unknown(0), Assisted Living Community, Assisted Living Community, Memory Care","Unknown(0), Assisted Living Community, Assisted Living Community, Memory Care"
13306,Greeley Village,"Unknown(0), Assisted Living Community, Assisted Living Community, Memory Care","Unknown(0), Assisted Living Community, Assisted Living Community, Memory Care"
13310,Greenridge Place,"Unknown(0), Assisted Living Community, Assisted Living Community, Memory Care","Unknown(0), Assisted Living Community, Assisted Living Community, Memory Care"
7948,Hacienda At The River,"Unknown(0), Independent Living, Assisted Living Community, Assisted Living Community, Unknown(2), Memory Care","Unknown(0), Independent Living, Assisted Living Community, Assisted Living Community, Unknown(2), Memory Care"
7950,Hacienda At The Canyon,"Unknown(0), Independent Living, Assisted Living Community, Assisted Living Community, Unknown(2), Memory Care","Unknown(0), Independent Living, Assisted Living Community, Assisted Living Community, Unknown(2), Memory Care"
7960,Hacienda Del Rey,"Unknown(0), Assisted Living Community, Assisted Living Community, Memory Care","Unknown(0), Assisted Living Community, Assisted Living Community, Memory Care"
13323,Harbor Assisted Living,"Unknown(0), Assisted Living Community, Assisted Living Community, Memory Care","Unknown(0), Assisted Living Community, Assisted Living Community, Memory Care"
13329,Harmony House Assisted Living I,"Unknown(0), Assisted Living Community, Assisted Living Community, Memory Care","Unknown(0), Assisted Living Community, Assisted Living Community, Memory Care"
13331,Harmony House Assisted Living Ii,"Unknown(0), Assisted Living Community, Assisted Living Community, Memory Care","Unknown(0), Assisted Living Community, Assisted Living Community, Memory Care"
13333,Harmony Place Assisted Living,"Unknown(0), Assisted Living Community, Assisted Living Community, Memory Care","Unknown(0), Assisted Living Community, Assisted Living Community, Memory Care"
13336,Harvard Square By Cogir,"Unknown(0), Independent Living, Assisted Living Community, Assisted Living Community, Unknown(2), Memory Care","Unknown(0), Independent Living, Assisted Living Community, Assisted Living Community, Unknown(2), Memory Care"
13363,Hayden Place Assisted Living,"Unknown(0), Assisted Living Community, Assisted Living Community, Memory Care","Unknown(0), Assisted Living Community, Assisted Living Community, Memory Care"
13376,Hearthstone Village,"Unknown(0), Assisted Living Community, Assisted Living Community, Memory Care","Unknown(0), Assisted Living Community, Assisted Living Community, Memory Care"
13383,Heirloom House,"Unknown(0), Assisted Living Community, Assisted Living Community, Assisted Living Home, Unknown(2), Memory Care","Unknown(0), Assisted Living Community, Assisted Living Community, Assisted Living Home, Unknown(2), Memory Care"
12593,Brookdale University Park,"Unknown(0), Independent Living, Assisted Living Community, Assisted Living Community","Unknown(0), Independent Living, Assisted Living Community, Assisted Living Community, Memory Care"
10633,Heritage Assisted Living,"Unknown(0), Assisted Living Home","Unknown(0), Assisted Living Home, Memory Care"
13404,Heritage Of Soda Springs,"Unknown(0), Assisted Living Community, Assisted Living Community, Memory Care","Unknown(0), Assisted Living Community, Assisted Living Community, Memory Care"
10633,Heritage Assisted Living,"Unknown(0), Assisted Living Home","Unknown(0), Assisted Living Home, Memory Care"
8078,Hidden Valley Assisted Living,"Unknown(0), Assisted Living Home","Unknown(0), Assisted Living Home, Memory Care"
13418,High Plains Crossings Memory Care,"Unknown(0), Assisted Living Community, Assisted Living Community, Memory Care","Unknown(0), Assisted Living Community, Assisted Living Community, Memory Care"
8082,Highgate Flagstaff,"Unknown(0), Independent Living, Assisted Living Community, Assisted Living Community, Unknown(2), Memory Care","Unknown(0), Independent Living, Assisted Living Community, Assisted Living Community, Unknown(2), Memory Care"
9168,Prescott Assisted Living,"Unknown(0), Assisted Living Home","Unknown(0), Assisted Living Home, Memory Care"
13426,Highland Estates,"Unknown(0), Assisted Living Community, Assisted Living Community, Memory Care","Unknown(0), Assisted Living Community, Assisted Living Community, Memory Care"
13428,Highland Glen,"Unknown(0), Assisted Living Community, Assisted Living Community, Memory Care","Unknown(0), Assisted Living Community, Assisted Living Community, Memory Care"
13432,Highline Place Memory Care,"Unknown(0), Assisted Living Community, Assisted Living Community, Memory Care","Unknown(0), Assisted Living Community, Assisted Living Community, Memory Care"
13434,Highpointe Assisted Living Memory Care,"Unknown(0), Assisted Living Community","Unknown(0), Assisted Living Community, Memory Care"
13439,Hill House Memory Care,"Unknown(0), Assisted Living Community, Assisted Living Community, Memory Care","Unknown(0), Assisted Living Community, Assisted Living Community, Memory Care"
8104,Hillcrest Assisted Living,"Unknown(0), Assisted Living Home","Unknown(0), Assisted Living Home, Memory Care"
13500,Huckleberry Retirement Homes Llc Ii,"Unknown(0), Assisted Living Community, Assisted Living Community, Memory Care","Unknown(0), Assisted Living Community, Assisted Living Community, Memory Care"
8180,Hummingbird Senior Resort Living,"Unknown(0), Independent Living, Assisted Living Community, Assisted Living Community, Unknown(2), Memory Care","Unknown(0), Independent Living, Assisted Living Community, Assisted Living Community, Unknown(2), Memory Care"
13504,Hyland Hills Senior Living,"Unknown(0), Independent Living, Assisted Living Community, Assisted Living Community, Unknown(2), Memory Care","Unknown(0), Independent Living, Assisted Living Community, Assisted Living Community, Unknown(2), Memory Care"
8196,Immanuel Campus Of Care,"Unknown(0), Independent Living, Assisted Living Community, Assisted Living Community, Unknown(2), Memory Care","Unknown(0), Independent Living, Assisted Living Community, Assisted Living Community, Unknown(2), Memory Care"
13517,Inglenook At Brighton,"Unknown(0), Independent Living, Assisted Living Community, Assisted Living Community, Unknown(2), Memory Care","Unknown(0), Independent Living, Assisted Living Community, Assisted Living Community, Unknown(2), Memory Care"
8223,Inspira Arrowhead,"Unknown(0), Assisted Living Home, Assisted Living Community, Independent Living, Unknown(2), Memory Care","Unknown(0), Assisted Living Home, Assisted Living Community, Independent Living, Unknown(2), Memory Care"
8225,Inspira Gateway,"Unknown(0), Assisted Living Home, Assisted Living Community, Independent Living, Unknown(2), Memory Care","Unknown(0), Assisted Living Home, Assisted Living Community, Independent Living, Unknown(2), Memory Care"
8227,Inspirations Of River Center,"Unknown(0), Assisted Living Community, Assisted Living Community, Memory Care","Unknown(0), Assisted Living Community, Assisted Living Community, Memory Care"
13538,Jackson Creek Senior Living,"Unknown(0), Independent Living, Assisted Living Community, Assisted Living Community, Unknown(2), Memory Care","Unknown(0), Independent Living, Assisted Living Community, Assisted Living Community, Unknown(2), Memory Care"
13544,Jaxpointe At 63Rd Place Assisted Living,"Unknown(0), Assisted Living Home, Assisted Living Community, Memory Care, Unknown(2), Home Care","Unknown(0), Assisted Living Home, Assisted Living Community, Memory Care, Unknown(2), Home Care"
13548,Jaxpointe At Flower Court Assisted Living,"Unknown(0), Assisted Living Home, Assisted Living Community, Memory Care","Unknown(0), Assisted Living Home, Assisted Living Community, Memory Care"
8275,Joshua Springs Senior Living,"Unknown(0), Assisted Living Home, Assisted Living Community, Memory Care","Unknown(0), Assisted Living Home, Assisted Living Community, Memory Care"
13562,Juniper Village The Spearly Center,"Unknown(0), Memory Care, Assisted Living Community, Nursing Home","Unknown(0), Memory Care, Assisted Living Community, Nursing Home"
13564,Juniper Village At Aurora,"Unknown(0), Assisted Living Community, Assisted Living Community, Memory Care","Unknown(0), Assisted Living Community, Assisted Living Community, Memory Care"
13566,Juniper Village At Louisville,"Unknown(0), Assisted Living Community, Assisted Living Community, Memory Care","Unknown(0), Assisted Living Community, Assisted Living Community, Memory Care"
8356,La Sonora At Dove Mountain,"Unknown(0), Independent Living, Assisted Living Community, Assisted Living Community, Unknown(2), Memory Care","Unknown(0), Independent Living, Assisted Living Community, Assisted Living Community, Unknown(2), Memory Care"
8364,Lake View Terrace Memory Care Residence,"Unknown(0), Assisted Living Community, Assisted Living Community, Memory Care","Unknown(0), Assisted Living Community, Assisted Living Community, Memory Care"
8366,Lakeside Assisted Living,"Unknown(0), Assisted Living Home","Unknown(0), Assisted Living Home, Memory Care"
8366,Lakeside Assisted Living,"Unknown(0), Assisted Living Home","Unknown(0), Assisted Living Home, Memory Care"
8366,Lakeside Assisted Living,"Unknown(0), Assisted Living Home","Unknown(0), Assisted Living Home, Memory Care"
8379,Las Fuentes Assisted Living,"Unknown(0), Assisted Living Home","Unknown(0), Assisted Living Home, Memory Care"
8391,Las Palomas Senior Livingspectrum Retirement,"Unknown(0), Independent Living, Assisted Living Community, Assisted Living Community, Unknown(2), Memory Care","Unknown(0), Independent Living, Assisted Living Community, Assisted Living Community, Unknown(2), Memory Care"
13624,Laurel Groves Assisted Living,"Unknown(0), Assisted Living Community, Assisted Living Community, Memory Care","Unknown(0), Assisted Living Community, Assisted Living Community, Memory Care"
13637,Legacy House Assisted Living Of South Jordan,"Unknown(0), Independent Living, Assisted Living Community, Assisted Living Community, Unknown(2), Memory Care","Unknown(0), Independent Living, Assisted Living Community, Assisted Living Community, Unknown(2), Memory Care"
8417,Legacy House Avondale,"Unknown(0), Assisted Living Community, Assisted Living Community, Memory Care","Unknown(0), Assisted Living Community, Assisted Living Community, Memory Care"
13643,Legacy House Of Ogden,"Unknown(0), Assisted Living Community, Assisted Living Community, Memory Care","Unknown(0), Assisted Living Community, Assisted Living Community, Memory Care"
13653,Legacy Village Memory Care,"Unknown(0), Assisted Living Community, Assisted Living Community, Memory Care","Unknown(0), Assisted Living Community, Assisted Living Community, Memory Care"
13655,Legacy Village Of Castle Pines,"Unknown(0), Independent Living, Assisted Living Community, Assisted Living Community, Unknown(2), Memory Care","Unknown(0), Independent Living, Assisted Living Community, Assisted Living Community, Unknown(2), Memory Care"
13657,Legacy Village Of Provo,"Unknown(0), Assisted Living Community","Unknown(0), Assisted Living Community, Memory Care"
8429,Legacy Village Of Salt River,"Unknown(0), Assisted Living Home, Assisted Living Community, Independent Living, Unknown(2), Memory Care","Unknown(0), Assisted Living Home, Assisted Living Community, Independent Living, Unknown(2), Memory Care"
13663,Legacy Village St George,"Unknown(0), Independent Living, Assisted Living Community, Assisted Living Community, Unknown(2), Memory Care","Unknown(0), Independent Living, Assisted Living Community, Assisted Living Community, Unknown(2), Memory Care"
13665,Legend Of Broomfield,"Unknown(0), Assisted Living Community, Assisted Living Community, Memory Care","Unknown(0), Assisted Living Community, Assisted Living Community, Memory Care"
13667,Legend Of Colorado Springs,"Unknown(0), Assisted Living Community, Assisted Living Community, Memory Care","Unknown(0), Assisted Living Community, Assisted Living Community, Memory Care"
13669,Legends Park Assisted Living,"Unknown(0), Assisted Living Community, Assisted Living Community, Memory Care","Unknown(0), Assisted Living Community, Assisted Living Community, Memory Care"
13701,Lily And Syringa Assisted Living,"Unknown(0), Assisted Living Community, Assisted Living Community, Memory Care","Unknown(0), Assisted Living Community, Assisted Living Community, Memory Care"
13705,Lincoln Court Retirement Community,"Unknown(0), Assisted Living Community, Assisted Living Community, Memory Care","Unknown(0), Assisted Living Community, Assisted Living Community, Memory Care"
13713,Living Spring Residential Care,"Unknown(0), Assisted Living Community, Assisted Living Community, Memory Care","Unknown(0), Assisted Living Community, Assisted Living Community, Memory Care"
13715,Living Springs Assisted Living,"Unknown(0), Assisted Living Community, Assisted Living Community, Memory Care","Unknown(0), Assisted Living Community, Assisted Living Community, Memory Care"
8506,Lone Mountain Memory Carespectrum Retirment,"Unknown(0), Memory Care","Unknown(0), Memory Care"
13737,Lotus Park Care Centers,"Unknown(0), Assisted Living Community, Assisted Living Community, Memory Care","Unknown(0), Assisted Living Community, Assisted Living Community, Memory Care"
13742,Loving Embrace Of Country Time,"Unknown(0), Assisted Living Community, Assisted Living Community, Memory Care","Unknown(0), Assisted Living Community, Assisted Living Community, Memory Care"
13746,Luna Assisted Living,"Unknown(0), Assisted Living Community, Assisted Living Community, Assisted Living Home, Unknown(2), Memory Care","Unknown(0), Assisted Living Community, Assisted Living Community, Assisted Living Home, Unknown(2), Memory Care"
13748,Luther Park At Sandpoint,"Unknown(0), Assisted Living Community, Assisted Living Community, Memory Care","Unknown(0), Assisted Living Community, Assisted Living Community, Memory Care"
13760,Makenna Farms Assisted Living,"Unknown(0), Assisted Living Community, Assisted Living Community, Memory Care","Unknown(0), Assisted Living Community, Assisted Living Community, Memory Care"
13762,Malad Living Centerrcf,"Unknown(0), Assisted Living Community, Assisted Living Community, Memory Care","Unknown(0), Assisted Living Community, Assisted Living Community, Memory Care"
13782,Maple Wood Assisted Living,"Unknown(0), Assisted Living Community, Assisted Living Community, Memory Care","Unknown(0), Assisted Living Community, Assisted Living Community, Memory Care"
8590,Maravilla Scottsdale,"Unknown(0), Independent Living, Assisted Living Community, Assisted Living Community, Unknown(2), Memory Care","Unknown(0), Independent Living, Assisted Living Community, Assisted Living Community, Unknown(2), Memory Care"
8596,Margaret T Morris Center,"Unknown(0), Assisted Living Home, Assisted Living Community, Memory Care","Unknown(0), Assisted Living Home, Assisted Living Community, Memory Care"
13795,Meadow Lake Village Retirement Resort Owyhee Bldg,"Unknown(0), Assisted Living Community, Assisted Living Community, Memory Care","Unknown(0), Assisted Living Community, Assisted Living Community, Memory Care"
13798,Meadow View Assisted Living Memory Care,"Unknown(0), Assisted Living Community, Assisted Living Community, Memory Care","Unknown(0), Assisted Living Community, Assisted Living Community, Memory Care"
13804,Meadowlark Assisted Living,"Unknown(0), Assisted Living Community, Assisted Living Community, Memory Care","Unknown(0), Assisted Living Community, Assisted Living Community, Memory Care"
13805,Meadows Assisted Living Center,"Unknown(0), Assisted Living Community, Assisted Living Community, Memory Care","Unknown(0), Assisted Living Community, Assisted Living Community, Memory Care"
13806,Meadowview Of Greeley,"Unknown(0), Assisted Living Community, Assisted Living Community, Memory Care","Unknown(0), Assisted Living Community, Assisted Living Community, Memory Care"
13810,Melody Living Of Colorado Springs,"Unknown(0), Independent Living, Assisted Living Community, Assisted Living Community, Unknown(2), Memory Care","Unknown(0), Independent Living, Assisted Living Community, Assisted Living Community, Unknown(2), Memory Care"
10275,Merrill Gardens At Anthem,"Unknown(0), Assisted Living Home, Assisted Living Community, Independent Living, Unknown(2), Memory Care","Unknown(0), Assisted Living Home, Assisted Living Community, Independent Living, Unknown(2), Memory Care"
13824,Miles Manor,"Unknown(0), Assisted Living Community, Assisted Living Community, Memory Care","Unknown(0), Assisted Living Community, Assisted Living Community, Memory Care"
13832,Millbrook Homes Assisted Living Cove Court,"Unknown(0), Assisted Living Home, Assisted Living Community, Memory Care","Unknown(0), Assisted Living Home, Assisted Living Community, Memory Care"
13851,Modena Cherry Creek,"Unknown(0), Independent Living, Assisted Living Community, Assisted Living Community, Unknown(2), Memory Care","Unknown(0), Independent Living, Assisted Living Community, Assisted Living Community, Unknown(2), Memory Care"
13856,Montage Creek,"Unknown(0), Independent Living, Assisted Living Community, Assisted Living Community, Unknown(2), Memory Care","Unknown(0), Independent Living, Assisted Living Community, Assisted Living Community, Unknown(2), Memory Care"
8737,Montelena Assisted Living And Memory Care,"Unknown(0), Assisted Living Home, Assisted Living Community, Memory Care","Unknown(0), Assisted Living Home, Assisted Living Community, Memory Care"
13866,Morada Albuquerque,"Unknown(0), Assisted Living Community, Assisted Living Community, Memory Care","Unknown(0), Assisted Living Community, Assisted Living Community, Memory Care"
13872,Morningstar Assisted Living And Memory Care Of Santa Fe,"Unknown(0), Assisted Living Community, Assisted Living Community, Memory Care","Unknown(0), Assisted Living Community, Assisted Living Community, Memory Care"
13874,Morningstar Assisted Living Of Littleton,"Unknown(0), Assisted Living Community, Assisted Living Community, Memory Care","Unknown(0), Assisted Living Community, Assisted Living Community, Memory Care"
8749,Morningstar At Arcadia,"Unknown(0), Assisted Living Community, Assisted Living Community, Memory Care","Unknown(0), Assisted Living Community, Assisted Living Community, Memory Care"
8751,Morningstar At Arrowhead,"Unknown(0), Assisted Living Home, Assisted Living Community, Memory Care","Unknown(0), Assisted Living Home, Assisted Living Community, Memory Care"
13878,Morningstar At Bear Creek,"Unknown(0), Assisted Living Community, Assisted Living Community, Memory Care","Unknown(0), Assisted Living Community, Assisted Living Community, Memory Care"
8753,Morningstar At Golden Ridge,"Unknown(0), Assisted Living Home, Assisted Living Community, Independent Living, Unknown(2), Memory Care","Unknown(0), Assisted Living Home, Assisted Living Community, Independent Living, Unknown(2), Memory Care"
13880,Morningstar At Jordan,"Unknown(0), Assisted Living Community, Assisted Living Community, Memory Care","Unknown(0), Assisted Living Community, Assisted Living Community, Memory Care"
13882,Morningstar At Mountain Shadows,"Unknown(0), Assisted Living Community, Assisted Living Community, Memory Care","Unknown(0), Assisted Living Community, Assisted Living Community, Memory Care"
13884,Morningstar At Observatory Park,"Unknown(0), Assisted Living Community, Assisted Living Community, Memory Care","Unknown(0), Assisted Living Community, Assisted Living Community, Memory Care"
13886,Morningstar At Old Town,"Unknown(0), Independent Living, Assisted Living Community, Assisted Living Community, Unknown(2), Memory Care","Unknown(0), Independent Living, Assisted Living Community, Assisted Living Community, Unknown(2), Memory Care"
13888,Morningstar At Ridgegate,"Unknown(0), Independent Living, Assisted Living Community, Assisted Living Community, Unknown(2), Memory Care","Unknown(0), Independent Living, Assisted Living Community, Assisted Living Community, Unknown(2), Memory Care"
13890,Morningstar Memory Care At North Ridge,"Unknown(0), Assisted Living Community, Assisted Living Community, Memory Care","Unknown(0), Assisted Living Community, Assisted Living Community, Memory Care"
13894,Morningstar Of Arvada,"Unknown(0), Independent Living, Assisted Living Community, Assisted Living Community, Unknown(2), Memory Care","Unknown(0), Independent Living, Assisted Living Community, Assisted Living Community, Unknown(2), Memory Care"
13896,Morningstar Of Boise,"Unknown(0), Independent Living, Assisted Living Community, Assisted Living Community, Unknown(2), Memory Care","Unknown(0), Independent Living, Assisted Living Community, Assisted Living Community, Unknown(2), Memory Care"
13898,Morningstar Of Boulder,"Unknown(0), Assisted Living Community, Assisted Living Community, Memory Care","Unknown(0), Assisted Living Community, Assisted Living Community, Memory Care"
13900,Morningstar Of Fort Collins,"Unknown(0), Assisted Living Community, Assisted Living Community, Memory Care","Unknown(0), Assisted Living Community, Assisted Living Community, Memory Care"
8755,Morningstar Of Fountain Hills,"Unknown(0), Independent Living, Assisted Living Community, Assisted Living Community, Unknown(2), Memory Care","Unknown(0), Independent Living, Assisted Living Community, Assisted Living Community, Unknown(2), Memory Care"
13902,Morningstar Of Idaho Falls,"Unknown(0), Assisted Living Community, Assisted Living Community, Memory Care","Unknown(0), Assisted Living Community, Assisted Living Community, Memory Care"
13905,Morningstar Of Wheat Ridge,"Unknown(0), Assisted Living Community, Assisted Living Community, Memory Care","Unknown(0), Assisted Living Community, Assisted Living Community, Memory Care"
13907,Morningstar Senior Living At Holly Park,"Unknown(0), Independent Living, Assisted Living Community, Assisted Living Community, Unknown(2), Memory Care","Unknown(0), Independent Living, Assisted Living Community, Assisted Living Community, Unknown(2), Memory Care"
8757,Mosaic Garden Memory Care At Scottsdale,"Unknown(0), Memory Care","Unknown(0), Memory Care"
8759,Mosaic Gardens Memory Care At Surprise,"Unknown(0), Memory Care","Unknown(0), Memory Care"
