ID,Title,Content,Excerpt,Date,Post Type,Permalink,URL,Title.1,Caption,Description,Alt Text,Featured,URL.1,Care Levels,Locations,States,_wp_page_template,_address,address,_phone,phone,_website,website,_price,price,_location-name,location-name,_type,_amenities,_photos,photos,_location,location,type,completeness_score,_senior_place_url,senior_place_url,_seniorly_url,seniorly_url,amenities,state,_state,care_level,_care_level,_wp_old_slug,Status,Author ID,Author Username,Author Email,Author First Name,Author Last Name,Slug,Format,Template,Parent,Parent Slug,Order,Comment Status,Ping Status,Post Modified Date
6786,Acoya Shea,"At Acoya Shea, residents find a supportive environment that puts well-being first. Amenities include activity room, air conditioning, all day dining, offering convenience and ease. Designed to promote independence while providing just the right level of assistance.",,2025-06-19 00:02:28,listing,https://aplaceforseniorscms.kinsta.cloud/listing/acoya-shea/,http://aplaceforseniorscms.kinsta.cloud/wp-content/uploads/2025/07/124885dd-eef0-4e42-a7cb-2466a08ff41d.jpeg,124885dd-eef0-4e42-a7cb-2466a08ff41d,,,,http://aplaceforseniorscms.kinsta.cloud/wp-content/uploads/2025/07/124885dd-eef0-4e42-a7cb-2466a08ff41d.jpeg,,,Scottsdale,Arizona,default,field_6813f255a7266,"7373 E Shea Boulevard, Scottsdale, Az 85260",field_68152ed96a2d0,,field_68152f2303743,https://app.seniorplace.com/communities/show/bd140ecf-f482-46a3-9097-dda13dc37447,field_682e9adea745b,4750,field_682f4d903ba5f,Scottsdale,field_682fc481aaf60,field_68324d980487e,field_68361c6ff3620,"https://d354o3y6yz93dt.cloudfront.net/images/1200x/df13aa3ec376f40430804002e4b8e4b38efe7af0/acoya-shea-senior-living-lobby.jpg, https://d354o3y6yz93dt.cloudfront.net/images/1200x/130aa7139c908cf2c397bdadf700541aa0b668b7/acoya-shea-senior-living-patio-1.jpg, https://d354o3y6yz93dt.cloudfront.net/images/1200x/204ebcd588ef2fd9a06ac1ff808c52aee2f772df/acoya-shea-senior-living-activity-room.jpg",field_6851bb26d331f,a:1:{i:0;i:111;},a:3:{i:0;i:6;i:1;i:5;i:2;i:3;},12,field_68af89a6f8692,https://app.seniorplace.com/communities/show/bd140ecf-f482-46a3-9097-dda13dc37447,field_68af89b8e4cd0,,,,,,,,publish,3,melanie,melanie@cooperbold.com,melanie,,acoya-shea,,default,0,0,0,open,open,2025-08-27 22:45:51
7136,Bridgewater Assisted Living,"BridgeWater Assisted Living creates a space where seniors can feel secure and cared for. Amenities include activity room, air conditioning, all day dining, offering convenience and ease. Here, community and compassion go hand in hand.",,2025-06-19 00:03:02,listing,https://aplaceforseniorscms.kinsta.cloud/listing/bridgewater-assisted-living-2/,,,,,,,,,Avondale,Arizona,default,field_6813f255a7266,"295 E Van Buren Street, Avondale, Az 85323",field_68152ed96a2d0,,field_68152f2303743,https://app.seniorplace.com/communities/show/9ce5d2b7-697a-45cd-979c-1f81349645c3,field_682e9adea745b,4660.0,field_682f4d903ba5f,Avondale,field_682fc481aaf60,field_68324d980487e,field_68361c6ff3620,"https://d354o3y6yz93dt.cloudfront.net/images/1200x/4880b7422a226c9e36e571807e12f769f7c23cb0/Screenshot%202024-03-13%20at%202.27.34%E2%80%AFPM.png, https://d354o3y6yz93dt.cloudfront.net/images/1200x/08ba53da0c74b913e67d5c0daeee2b96e23a5ebb/Screenshot%202024-03-13%20at%202.27.28%E2%80%AFPM.png, https://d354o3y6yz93dt.cloudfront.net/images/1200x/46a48a009c8f698e227454b8bd1056f7c1e62f14/Screenshot%202024-03-13%20at%202.27.47%E2%80%AFPM.png",field_6851bb26d331f,a:1:{i:0;i:133;},a:1:{i:0;i:1;},0,field_68af89a6f8692,https://app.seniorplace.com/communities/show/9ce5d2b7-697a-45cd-979c-1f81349645c3,field_68af89b8e4cd0,,,,,,,,publish,3,melanie,melanie@cooperbold.com,melanie,,bridgewater-assisted-living-2,,default,0,0,0,open,open,2025-08-27 22:47:51
7262,Chandler Post Acute And Rehabilitation,"Chandler Post Acute And Rehabilitation offers a peaceful setting where residents can enjoy day-to-day life comfortably. Amenities include accepted financial services, activity room, air conditioning, offering convenience and ease. Everything is centered around comfort, dignity, and personalized support.",,2025-06-19 00:03:19,listing,https://aplaceforseniorscms.kinsta.cloud/listing/chandler-post-acute-and-rehabilitation/,,,,,,,,,Chandler,Arizona,default,field_6813f255a7266,"2121 W Elgin Street, Chandler, Az 85224",field_68152ed96a2d0,,field_68152f2303743,https://app.seniorplace.com/communities/show/1d9c19ad-2e5b-4169-b77a-267611b60b1c,field_682e9adea745b,3450.0,field_682f4d903ba5f,Chandler,field_682fc481aaf60,field_68324d980487e,field_68361c6ff3620,"https://d354o3y6yz93dt.cloudfront.net/images/1200x/b919391bcb73e4f130cd1a833c831301e3071146/chandler-post-acute-and-rehabilitationchandler-post-acute-and-rehabilitation-1-exterior-574.jpg, https://d354o3y6yz93dt.cloudfront.net/images/1200x/b919391bcb73e4f130cd1a833c831301e3071146/chandler-post-acute-and-rehabilitationchandler-post-acute-and-rehabilitation-1-exterior-575.jpg, https://d354o3y6yz93dt.cloudfront.net/images/1200x/b919391bcb73e4f130cd1a833c831301e3071146/chandler-post-acute-and-rehabilitationchandler-post-acute-and-rehabilitation-1-exterior-571.jpg",field_6851bb26d331f,a:1:{i:0;i:126;},a:1:{i:0;i:1;},0,field_68af89a6f8692,https://app.seniorplace.com/communities/show/1d9c19ad-2e5b-4169-b77a-267611b60b1c,field_68af89b8e4cd0,,,,,,,,publish,3,melanie,melanie@cooperbold.com,melanie,,chandler-post-acute-and-rehabilitation,,default,0,0,0,open,open,2025-08-27 22:48:36
7408,Desert Jewel At Orange Tree,"Desert Jewel At Orange Tree is a welcoming place for older adults to feel at home. Amenities include all day dining, allergy-sensitive, community-sponsored activities, offering convenience and ease. From daily routines to special moments, residents are supported every step of the way.",,2025-06-19 00:03:31,listing,https://aplaceforseniorscms.kinsta.cloud/listing/desert-jewel-at-orange-tree/,http://aplaceforseniorscms.kinsta.cloud/wp-content/uploads/2025/07/69140799724b6e9fda32d63832097834.jpg,69140799724b6e9fda32d63832097834,,,,http://aplaceforseniorscms.kinsta.cloud/wp-content/uploads/2025/07/69140799724b6e9fda32d63832097834.jpg,,,Scottsdale,Arizona,default,field_6813f255a7266,"5640 E Shea Boulevard, Scottsdale, Az 85254",field_68152ed96a2d0,,field_68152f2303743,https://app.seniorplace.com/communities/show/c6e3855b-c054-458e-be0c-92d25ff66501,field_682e9adea745b,3110.0,field_682f4d903ba5f,Scottsdale,field_682fc481aaf60,field_68324d980487e,field_68361c6ff3620,,field_6851bb26d331f,a:1:{i:0;i:111;},a:1:{i:0;i:1;},2,field_68af89a6f8692,https://app.seniorplace.com/communities/show/c6e3855b-c054-458e-be0c-92d25ff66501,field_68af89b8e4cd0,,,,,,,,publish,3,melanie,melanie@cooperbold.com,melanie,,desert-jewel-at-orange-tree,,default,0,0,0,open,open,2025-08-27 22:49:28
7680,Fellowship Square Historic Mesa,"Fellowship Square Historic Mesa is a thoughtfully designed residence focused on quality living for seniors. Amenities include activity room, air conditioning, all day dining, offering convenience and ease. Designed to promote independence while providing just the right level of assistance.",,2025-06-19 00:04:10,listing,https://aplaceforseniorscms.kinsta.cloud/listing/fellowship-square-historic-mesa/,http://aplaceforseniorscms.kinsta.cloud/wp-content/uploads/2025/07/Fellowship20Square20Historic20Mesa_Photos_01_Seniorly.jpg,Fellowship20Square20Historic20Mesa_Photos_01_Seniorly,,,,http://aplaceforseniorscms.kinsta.cloud/wp-content/uploads/2025/07/Fellowship20Square20Historic20Mesa_Photos_01_Seniorly.jpg,,,Mesa,Arizona,default,field_6813f255a7266,"35 W Brown Road, Mesa, Az 85201",field_68152ed96a2d0,,field_68152f2303743,https://app.seniorplace.com/communities/show/b2318b64-dff4-494d-9ee2-ffd2220f26e1,field_682e9adea745b,2241,field_682f4d903ba5f,Mesa,field_682fc481aaf60,field_68324d980487e,field_68361c6ff3620,"https://d354o3y6yz93dt.cloudfront.net/images/1200x/1497e152880c71f3bec12ab3c9faf6eb22fe31b7/fellowship-square-historic-mesa-mesa_01_sly_high_res_.jpg, https://d354o3y6yz93dt.cloudfront.net/images/1200x/8432f39c1445b382bc504246f6596b82/Fellowship%2520Square%2520Historic%2520Mesa_Photos_02_Seniorly.jpg, https://d354o3y6yz93dt.cloudfront.net/images/1200x/b3b9d28c1e3b020118e95eb5d9385a929351fc4e/fellowship-square-historic-mesa-mesa_02.jpg",field_6851bb26d331f,a:1:{i:0;i:116;},a:3:{i:0;i:6;i:1;i:5;i:2;i:3;},12,field_68af89a6f8692,https://app.seniorplace.com/communities/show/b2318b64-dff4-494d-9ee2-ffd2220f26e1,field_68af89b8e4cd0,,,,,,,,publish,3,melanie,melanie@cooperbold.com,melanie,,fellowship-square-historic-mesa,,default,0,0,0,open,open,2025-08-27 22:50:25
7736,Fountain View Village,"At Fountain View Village, residents find a supportive environment that puts well-being first. Amenities include activity room, air conditioning, all day dining, offering convenience and ease. Designed to promote independence while providing just the right level of assistance.",,2025-06-19 00:04:15,listing,https://aplaceforseniorscms.kinsta.cloud/listing/fountain-view-village/,http://aplaceforseniorscms.kinsta.cloud/wp-content/uploads/2025/07/6b57bdff-540a-4cce-8390-3e9657e254fc.jpeg,6b57bdff-540a-4cce-8390-3e9657e254fc,,,,http://aplaceforseniorscms.kinsta.cloud/wp-content/uploads/2025/07/6b57bdff-540a-4cce-8390-3e9657e254fc.jpeg,,,Fountain Hills,Arizona,default,field_6813f255a7266,"16455 E Avenue Of The Fountains, Fountain Hills, Az 85268",field_68152ed96a2d0,,field_68152f2303743,https://app.seniorplace.com/communities/show/7491fa4f-8f2f-4987-ab2d-ded6b62b0a5c,field_682e9adea745b,5070,field_682f4d903ba5f,Fountain Hills,field_682fc481aaf60,field_68324d980487e,field_68361c6ff3620,"https://d354o3y6yz93dt.cloudfront.net/images/1200x/7a30755b862cd4c42473147ef3241072ebafb4e7/fountain-view-village-1-exterior-700_sly_high_res_.jpg, https://d354o3y6yz93dt.cloudfront.net/images/1200x/884b0a83b093633f0b29f94e98987f4cef8f0aad/fountain-view-village-Dining-491.jpg, https://d354o3y6yz93dt.cloudfront.net/images/1200x/cdb19cdf18afb7a382e71aff4ae564f6608fbbe3/fountain-view-village-interior-701_sly_high_res_.jpg",field_6851bb26d331f,a:1:{i:0;i:141;},a:3:{i:0;i:6;i:1;i:5;i:2;i:3;},12,field_68af89a6f8692,https://app.seniorplace.com/communities/show/7491fa4f-8f2f-4987-ab2d-ded6b62b0a5c,field_68af89b8e4cd0,,,,,,,,publish,3,melanie,melanie@cooperbold.com,melanie,,fountain-view-village,,default,0,0,0,open,open,2025-08-27 22:50:35
8036,Heaven Can Wait,"Heaven Can Wait is a welcoming place for older adults to feel at home. Amenities include all day dining, allergy-sensitive, community-sponsored activities, offering convenience and ease. It's a place where thoughtful care meets everyday comfort.",,2025-06-19 00:05:07,listing,https://aplaceforseniorscms.kinsta.cloud/listing/heaven-can-wait/,http://aplaceforseniorscms.kinsta.cloud/wp-content/uploads/2025/07/a17d6848-0223-4e22-b3a4-6ec3a5004d89.jpeg,a17d6848-0223-4e22-b3a4-6ec3a5004d89,,,,http://aplaceforseniorscms.kinsta.cloud/wp-content/uploads/2025/07/a17d6848-0223-4e22-b3a4-6ec3a5004d89.jpeg,,,Laveen,Arizona,default,field_6813f255a7266,"4205 W Sioux Street, Laveen, Az 85339",field_68152ed96a2d0,,field_68152f2303743,https://app.seniorplace.com/communities/show/8c3ea156-98da-41ed-b5a1-e14bb9c12152,field_682e9adea745b,4220.0,field_682f4d903ba5f,Laveen,field_682fc481aaf60,field_68324d980487e,field_68361c6ff3620,,field_6851bb26d331f,a:1:{i:0;i:121;},a:1:{i:0;i:162;},2,field_68af89a6f8692,https://app.seniorplace.com/communities/show/8c3ea156-98da-41ed-b5a1-e14bb9c12152,field_68af89b8e4cd0,,,,,,,,publish,3,melanie,melanie@cooperbold.com,melanie,,heaven-can-wait,,default,0,0,0,open,open,2025-08-27 22:51:31
8073,Heritage Village Assisted Living,"Heritage Village Assisted Living is a welcoming place for older adults to feel at home. Amenities include all day dining, allergy-sensitive, arts room, offering convenience and ease. Everything is centered around comfort, dignity, and personalized support.",,2025-06-19 00:05:13,listing,https://aplaceforseniorscms.kinsta.cloud/listing/heritage-village-assisted-living/,http://aplaceforseniorscms.kinsta.cloud/wp-content/uploads/2025/07/heritage-village-assisted-living-and-memory-care-mesa-indoor-common-area.jpeg,heritage-village-assisted-living-and-memory-care-mesa-indoor-common-area,,,,http://aplaceforseniorscms.kinsta.cloud/wp-content/uploads/2025/07/heritage-village-assisted-living-and-memory-care-mesa-indoor-common-area.jpeg,,,Mesa,Arizona,default,field_6813f255a7266,"8035 E Brown Road, Mesa, Az 85207",field_68152ed96a2d0,,field_68152f2303743,https://app.seniorplace.com/communities/show/67bf5711-23ff-451a-b6d0-3b5607c437bf,field_682e9adea745b,3800.0,field_682f4d903ba5f,Mesa,field_682fc481aaf60,field_68324d980487e,field_68361c6ff3620,"https://d354o3y6yz93dt.cloudfront.net/images/1200x/b2b553c0804b01df1b566d11bf5aba8acc9f5ff4/heritage-village-assisted-living-and-memory-care-mesa-bedroom.jpeg, https://d354o3y6yz93dt.cloudfront.net/images/1200x/594b3a69d30c61de322ed1cb856b4c50cc406baa/heritage-village-assisted-living-and-memory-care-mesa-community-exterior.jpeg, https://d354o3y6yz93dt.cloudfront.net/images/1200x/b89413117dbac0392faf0cd5450cc041e540c20b/Screen%20Shot%202022-12-24%20at%2010.07.19%20AM.png",field_6851bb26d331f,a:1:{i:0;i:116;},a:1:{i:0;i:1;},2,field_68af89a6f8692,https://app.seniorplace.com/communities/show/67bf5711-23ff-451a-b6d0-3b5607c437bf,field_68af89b8e4cd0,,,,,,,,publish,3,melanie,melanie@cooperbold.com,melanie,,heritage-village-assisted-living,,default,0,0,0,open,open,2025-08-27 22:51:38
8229,Inspirations Of Tempe,"Inspirations Of Tempe offers a peaceful setting where residents can enjoy day-to-day life comfortably. Amenities include activity room, air conditioning, all day dining, offering convenience and ease. Everything is centered around comfort, dignity, and personalized support.",,2025-06-19 00:05:36,listing,https://aplaceforseniorscms.kinsta.cloud/listing/inspirations-of-tempe/,http://aplaceforseniorscms.kinsta.cloud/wp-content/uploads/2025/07/inspirations-of-tempe-common-room-2.jpg,inspirations-of-tempe-common-room-2,,,,http://aplaceforseniorscms.kinsta.cloud/wp-content/uploads/2025/07/inspirations-of-tempe-common-room-2.jpg,,,Tempe,Arizona,default,field_6813f255a7266,"1875 E Guadalupe Road, Tempe, Az 85283",field_68152ed96a2d0,,field_68152f2303743,https://app.seniorplace.com/communities/show/ee729ee8-c473-4640-b68e-4b9a98531c86,field_682e9adea745b,3680,field_682f4d903ba5f,Tempe,field_682fc481aaf60,field_68324d980487e,field_68361c6ff3620,"https://d354o3y6yz93dt.cloudfront.net/images/1200x/8ad8825aa2d5bd562bc5f7cdad406dd2b9010650/inspirations-of-tempe-courtyard.jpg, https://d354o3y6yz93dt.cloudfront.net/images/1200x/ea9820df71be33fea1a0d429f270042d0295b757/inspirations-of-tempe-bedroom-1.jpg, https://d354o3y6yz93dt.cloudfront.net/images/1200x/1e55c2c24a7708dcb90fcaf42fb34d8f59c9cb1c/inspirations-of-tempe-patio.jpg",field_6851bb26d331f,a:1:{i:0;i:112;},a:1:{i:0;i:5;},12,field_68af89a6f8692,https://app.seniorplace.com/communities/show/ee729ee8-c473-4640-b68e-4b9a98531c86,field_68af89b8e4cd0,,,,,,,,publish,3,melanie,melanie@cooperbold.com,melanie,,inspirations-of-tempe,,default,0,0,0,open,open,2025-08-27 22:52:08
8419,Legacy House Of Avondale,"Legacy House of Avondale offers a peaceful setting where residents can enjoy day-to-day life comfortably. Amenities include activity room, air conditioning, all day dining, offering convenience and ease. Designed to promote independence while providing just the right level of assistance.",,2025-06-19 00:06:07,listing,https://aplaceforseniorscms.kinsta.cloud/listing/legacy-house-of-avondale/,http://aplaceforseniorscms.kinsta.cloud/wp-content/uploads/2025/07/legacy-house-of-avondalelegacy-house-of-avondale-dining-5.jpg,legacy-house-of-avondalelegacy-house-of-avondale-dining-5,,,,http://aplaceforseniorscms.kinsta.cloud/wp-content/uploads/2025/07/legacy-house-of-avondalelegacy-house-of-avondale-dining-5.jpg,,,Avondale,Arizona,default,field_6813f255a7266,"2635 N Dysart Road, Avondale, Az 85392",field_68152ed96a2d0,,field_68152f2303743,https://app.seniorplace.com/communities/show/ad37ad02-eb52-4687-9746-36f009dfe940,field_682e9adea745b,4840.0,field_682f4d903ba5f,Avondale,field_682fc481aaf60,field_68324d980487e,field_68361c6ff3620,"https://d354o3y6yz93dt.cloudfront.net/images/1200x/79907a61c89c5cb187066d02a10b3d7c/LegacyHouseAvondale_Photos_01_Seniorly.jpg, https://d354o3y6yz93dt.cloudfront.net/images/1200x/cb1f968aa0b72e2b23f259d1fad5153536a77724/legacy-house-of-avondalelegacy-house-of-avondale-interior-13.jpg, https://d354o3y6yz93dt.cloudfront.net/images/1200x/cb1f968aa0b72e2b23f259d1fad5153536a77724/legacy-house-of-avondalelegacy-house-of-avondale-interior-12.jpg",field_6851bb26d331f,a:1:{i:0;i:133;},a:1:{i:0;i:1;},2,field_68af89a6f8692,https://app.seniorplace.com/communities/show/ad37ad02-eb52-4687-9746-36f009dfe940,field_68af89b8e4cd0,,,,,,,,publish,3,melanie,melanie@cooperbold.com,melanie,,legacy-house-of-avondale,,default,0,0,0,open,open,2025-08-27 22:52:43
8780,Mountain View Carehome,"Mountain View Carehome offers a peaceful setting where residents can enjoy day-to-day life comfortably. Amenities include all day dining, allergy-sensitive, community-sponsored activities, offering convenience and ease. It's a place where thoughtful care meets everyday comfort.",,2025-06-19 00:07:08,listing,https://aplaceforseniorscms.kinsta.cloud/listing/mountain-view-carehome/,http://aplaceforseniorscms.kinsta.cloud/wp-content/uploads/2025/07/757b98fe892961256adaa0d36c23448d.jpg,757b98fe892961256adaa0d36c23448d,,,,http://aplaceforseniorscms.kinsta.cloud/wp-content/uploads/2025/07/757b98fe892961256adaa0d36c23448d.jpg,,,Mesa,Arizona,default,field_6813f255a7266,"7312 E Jasmine Street,, Mesa, Az 85207",field_68152ed96a2d0,,field_68152f2303743,https://app.seniorplace.com/communities/show/37c07cf1-f1ed-4414-9d1a-52178fbe3537,field_682e9adea745b,2750.0,field_682f4d903ba5f,Mesa,field_682fc481aaf60,field_68324d980487e,field_68361c6ff3620,,field_6851bb26d331f,a:1:{i:0;i:116;},a:1:{i:0;i:1;},2,field_68af89a6f8692,https://app.seniorplace.com/communities/show/37c07cf1-f1ed-4414-9d1a-52178fbe3537,field_68af89b8e4cd0,,,,,,,,publish,3,melanie,melanie@cooperbold.com,melanie,,mountain-view-carehome,,default,0,0,0,open,open,2025-08-27 22:53:50
8871,Oakbrook Assisted Living,"At OakBrook Assisted Living, residents find a supportive environment that puts well-being first. Amenities include air conditioning, all day dining, allergy-sensitive, offering convenience and ease. From daily routines to special moments, residents are supported every step of the way.",,2025-06-19 00:07:21,listing,https://aplaceforseniorscms.kinsta.cloud/listing/oakbrook-assisted-living/,http://aplaceforseniorscms.kinsta.cloud/wp-content/uploads/2025/07/26dc1bdb-1ee0-4be8-b74f-90ddb0d593b0.avif,26dc1bdb-1ee0-4be8-b74f-90ddb0d593b0,,,,http://aplaceforseniorscms.kinsta.cloud/wp-content/uploads/2025/07/26dc1bdb-1ee0-4be8-b74f-90ddb0d593b0.avif,,,Scottsdale,Arizona,default,field_6813f255a7266,"8111 E Charter Oak Drive, Scottsdale, Az 85260",field_68152ed96a2d0,,field_68152f2303743,https://app.seniorplace.com/communities/show/cacfa1a3-a721-4198-a35f-3cc461a8ca1d,field_682e9adea745b,8000,field_682f4d903ba5f,Scottsdale,field_682fc481aaf60,field_68324d980487e,field_68361c6ff3620,,field_6851bb26d331f,a:1:{i:0;i:111;},a:1:{i:0;i:1;},12,field_68af89a6f8692,https://app.seniorplace.com/communities/show/cacfa1a3-a721-4198-a35f-3cc461a8ca1d,field_68af89b8e4cd0,,,,,,,,publish,3,melanie,melanie@cooperbold.com,melanie,,oakbrook-assisted-living,,default,0,0,0,open,open,2025-08-27 22:54:08
8998,Park Senior Villas At Goodyear,,,2025-06-19 00:07:47,listing,https://aplaceforseniorscms.kinsta.cloud/listing/park-senior-villas-at-goodyear/,http://aplaceforseniorscms.kinsta.cloud/wp-content/uploads/2025/07/2b0d2204-db4b-45c3-b4ee-641a3a7a9246.jpeg,2b0d2204-db4b-45c3-b4ee-641a3a7a9246,,,,http://aplaceforseniorscms.kinsta.cloud/wp-content/uploads/2025/07/2b0d2204-db4b-45c3-b4ee-641a3a7a9246.jpeg,,,Goodyear,Arizona,default,field_6813f255a7266,"4211 N Pebblecreek Parkway, Goodyear, Az 85395",field_68152ed96a2d0,,field_68152f2303743,https://app.seniorplace.com/communities/show/017ab033-fc9f-4882-b900-a0eb33c1b09e,field_682e9adea745b,,field_682f4d903ba5f,Goodyear,field_682fc481aaf60,field_68324d980487e,field_68361c6ff3620,,field_6851bb26d331f,a:1:{i:0;i:137;},a:1:{i:0;i:1;},2,field_68af89a6f8692,https://app.seniorplace.com/communities/show/017ab033-fc9f-4882-b900-a0eb33c1b09e,field_68af89b8e4cd0,,,,,,,,publish,3,melanie,melanie@cooperbold.com,melanie,,park-senior-villas-at-goodyear,,default,0,0,0,open,open,2025-08-27 22:54:30
9280,Ridges At Peoria,"Ridges at Peoria creates a space where seniors can feel secure and cared for. Amenities include activity room, air conditioning, all day dining, offering convenience and ease. Designed to promote independence while providing just the right level of assistance.",,2025-06-19 00:08:31,listing,https://aplaceforseniorscms.kinsta.cloud/listing/ridges-at-peoria/,http://aplaceforseniorscms.kinsta.cloud/wp-content/uploads/2025/07/7531b3a9-8db1-41f9-8cc5-6e87e89355d6.jpeg,7531b3a9-8db1-41f9-8cc5-6e87e89355d6,,,,http://aplaceforseniorscms.kinsta.cloud/wp-content/uploads/2025/07/7531b3a9-8db1-41f9-8cc5-6e87e89355d6.jpeg,,,Peoria,Arizona,default,field_6813f255a7266,"18170 N 91St Avenue, Peoria, Az 85382",field_68152ed96a2d0,,field_68152f2303743,https://app.seniorplace.com/communities/show/6265161f-1a89-4121-b93a-a049d215e827,field_682e9adea745b,3400,field_682f4d903ba5f,Peoria,field_682fc481aaf60,field_68324d980487e,field_68361c6ff3620,"https://d354o3y6yz93dt.cloudfront.net/images/1200x/37ef6d7b6d3ca82948b36d7d67152a3337ee829a/IMG_4397.JPG, https://d354o3y6yz93dt.cloudfront.net/images/1200x/37ef6d7b6d3ca82948b36d7d67152a3337ee829a/IMG_4398.JPG",field_6851bb26d331f,a:1:{i:0;i:130;},a:3:{i:0;i:6;i:1;i:5;i:2;i:3;},12,field_68af89a6f8692,https://app.seniorplace.com/communities/show/6265161f-1a89-4121-b93a-a049d215e827,field_68af89b8e4cd0,,,,,,,,publish,3,melanie,melanie@cooperbold.com,melanie,,ridges-at-peoria,,default,0,0,0,open,open,2025-08-27 22:55:23
9788,Suntown Assistance Home,,,2025-06-19 00:10:03,listing,https://aplaceforseniorscms.kinsta.cloud/listing/suntown-assistance-home/,http://aplaceforseniorscms.kinsta.cloud/wp-content/uploads/2025/07/bf1339a26e4e73a8b828cb13604ae312.jpg,bf1339a26e4e73a8b828cb13604ae312,,,,http://aplaceforseniorscms.kinsta.cloud/wp-content/uploads/2025/07/bf1339a26e4e73a8b828cb13604ae312.jpg,,,Glendale,Arizona,default,field_6813f255a7266,"20010 N 41St Lane, Glendale, Az 85308",field_68152ed96a2d0,,field_68152f2303743,https://app.seniorplace.com/communities/show/6bc2ddf9-35e5-4e7b-944e-fb7218b78590,field_682e9adea745b,5000,field_682f4d903ba5f,Glendale,field_682fc481aaf60,field_68324d980487e,field_68361c6ff3620,,field_6851bb26d331f,a:1:{i:0;i:132;},a:1:{i:0;i:1;},2,field_68af89a6f8692,https://app.seniorplace.com/communities/show/6bc2ddf9-35e5-4e7b-944e-fb7218b78590,field_68af89b8e4cd0,,,,,,,,publish,3,melanie,melanie@cooperbold.com,melanie,,suntown-assistance-home,,default,0,0,0,open,open,2025-08-27 22:56:56
9894,The Heritage Tradition,"The Heritage Tradition is a welcoming place for older adults to feel at home. Amenities include activity room, air conditioning, all day dining, offering convenience and ease. From daily routines to special moments, residents are supported every step of the way.",,2025-06-19 00:10:28,listing,https://aplaceforseniorscms.kinsta.cloud/listing/the-heritage-tradition/,http://aplaceforseniorscms.kinsta.cloud/wp-content/uploads/2025/07/250a52ce-c35c-4adc-98ef-795c3bd1bd09.jpeg,250a52ce-c35c-4adc-98ef-795c3bd1bd09,,,,http://aplaceforseniorscms.kinsta.cloud/wp-content/uploads/2025/07/250a52ce-c35c-4adc-98ef-795c3bd1bd09.jpeg,,,Sun City West,Arizona,default,field_6813f255a7266,"19303 N New Tradition Road, Sun City West, Az 85375",field_68152ed96a2d0,,field_68152f2303743,https://app.seniorplace.com/communities/show/733bf09a-4bf3-4890-a74c-2926fb94642c,field_682e9adea745b,4615,field_682f4d903ba5f,Sun City West,field_682fc481aaf60,field_68324d980487e,field_68361c6ff3620,"https://d354o3y6yz93dt.cloudfront.net/images/1200x/dc619f238f5be41da7083d2bf706cedf7f4fa389/IMG_4368.jpeg, https://d354o3y6yz93dt.cloudfront.net/images/1200x/cc54756bd9c619f00218b984903cbba253026603/IMG_4366.jpeg, https://d354o3y6yz93dt.cloudfront.net/images/1200x/c1d7b7a8af606a324377b213acca3d00da2399e8/IMG_4365.jpeg",field_6851bb26d331f,a:1:{i:0;i:146;},a:2:{i:0;i:6;i:1;i:5;},12,field_68af89a6f8692,https://app.seniorplace.com/communities/show/733bf09a-4bf3-4890-a74c-2926fb94642c,field_68af89b8e4cd0,,,,,,,,publish,3,melanie,melanie@cooperbold.com,melanie,,the-heritage-tradition,,default,0,0,0,open,open,2025-08-27 22:57:15
12659,Carillon At Belleview Station The,,,2025-06-19 22:11:38,listing,https://aplaceforseniorscms.kinsta.cloud/listing/carillon-at-belleview-station-the/,http://aplaceforseniorscms.kinsta.cloud/wp-content/uploads/2025/07/f6c7a0f3b694fb8c4e2ea9dbe7518f44.jpg,f6c7a0f3b694fb8c4e2ea9dbe7518f44,,,,http://aplaceforseniorscms.kinsta.cloud/wp-content/uploads/2025/07/f6c7a0f3b694fb8c4e2ea9dbe7518f44.jpg,,,Denver,Colorado,default,field_6813f255a7266,"4855 Niagara Street, Denver, Co 80237",field_68152ed96a2d0,,field_68152f2303743,https://app.seniorplace.com/communities/show/e0f93eb0-046f-40b9-b585-24507264c992,field_682e9adea745b,4995,field_682f4d903ba5f,Denver,field_682fc481aaf60,field_68324d980487e,field_68361c6ff3620,[],field_6851bb26d331f,a:1:{i:0;i:217;},a:1:{i:0;i:5;},2,field_68af89a6f8692,https://app.seniorplace.com/communities/show/e0f93eb0-046f-40b9-b585-24507264c992,field_68af89b8e4cd0,,a:1:{i:0;i:95;},,field_6854775df540a,,,,publish,3,melanie,melanie@cooperbold.com,melanie,,carillon-at-belleview-station-the,,default,0,0,0,open,open,2025-08-27 23:06:26
12705,Castle Rock Assisted Living At Eveningsong,,,2025-06-19 22:11:47,listing,https://aplaceforseniorscms.kinsta.cloud/listing/castle-rock-assisted-living-at-eveningsong/,,,,,,,,,Castle Rock,Colorado,default,field_6813f255a7266,"572 Eveningsong Drive, Castle Rock,, Co 80104",field_68152ed96a2d0,,field_68152f2303743,https://app.seniorplace.com/communities/show/4c78dcd3-5439-4fc9-8ef1-5ded9956a390,field_682e9adea745b,,field_682f4d903ba5f,"Castle Rock,",field_682fc481aaf60,field_68324d980487e,field_68361c6ff3620,[],field_6851bb26d331f,a:1:{i:0;i:258;},a:1:{i:0;i:1;},0,field_68af89a6f8692,https://app.seniorplace.com/communities/show/4c78dcd3-5439-4fc9-8ef1-5ded9956a390,field_68af89b8e4cd0,,a:1:{i:0;i:95;},,field_6854775df540a,,,,publish,3,melanie,melanie@cooperbold.com,melanie,,castle-rock-assisted-living-at-eveningsong,,default,0,0,0,open,open,2025-08-27 23:06:35
13312,Greenwood Manor,,,2025-06-19 22:14:15,listing,https://aplaceforseniorscms.kinsta.cloud/listing/greenwood-manor/,http://aplaceforseniorscms.kinsta.cloud/wp-content/uploads/2025/07/e6504010611641afe380e22e747172d6.jpg,e6504010611641afe380e22e747172d6,,,,http://aplaceforseniorscms.kinsta.cloud/wp-content/uploads/2025/07/e6504010611641afe380e22e747172d6.jpg,,,Pueblo,Colorado,default,field_6813f255a7266,"421 West 11Th Street, Pueblo, Co 81003",field_68152ed96a2d0,,field_68152f2303743,https://app.seniorplace.com/communities/show/662c7722-87bd-45dd-adb9-9483e25224ae,field_682e9adea745b,,field_682f4d903ba5f,Pueblo,field_682fc481aaf60,field_68324d980487e,field_68361c6ff3620,[],field_6851bb26d331f,a:1:{i:0;i:281;},a:1:{i:0;i:5;},2,field_68af89a6f8692,https://app.seniorplace.com/communities/show/662c7722-87bd-45dd-adb9-9483e25224ae,field_68af89b8e4cd0,,a:1:{i:0;i:95;},,field_6854775df540a,,,,publish,3,melanie,melanie@cooperbold.com,melanie,,greenwood-manor,,default,0,0,0,open,open,2025-08-27 23:08:27
13397,Heritage Home,,,2025-06-19 22:14:31,listing,https://aplaceforseniorscms.kinsta.cloud/listing/heritage-home/,http://aplaceforseniorscms.kinsta.cloud/wp-content/uploads/2025/07/ad4c10b5bf8579bddefcc65f7624b934.jpg,ad4c10b5bf8579bddefcc65f7624b934,,,,http://aplaceforseniorscms.kinsta.cloud/wp-content/uploads/2025/07/ad4c10b5bf8579bddefcc65f7624b934.jpg,,,Hurricane,Utah,default,field_6813f255a7266,"45 North 100 West, Hurricane, Ut 84737",field_68152ed96a2d0,,field_68152f2303743,https://app.seniorplace.com/communities/show/3e0dd2b5-ac58-4f20-a042-49b2f08bc6b6,field_682e9adea745b,,field_682f4d903ba5f,Hurricane,field_682fc481aaf60,field_68324d980487e,field_68361c6ff3620,[],field_6851bb26d331f,a:1:{i:0;i:322;},a:1:{i:0;i:5;},2,field_68af89a6f8692,https://app.seniorplace.com/communities/show/3e0dd2b5-ac58-4f20-a042-49b2f08bc6b6,field_68af89b8e4cd0,,a:1:{i:0;i:95;},,field_6854775df540a,,,,publish,3,melanie,melanie@cooperbold.com,melanie,,heritage-home,,default,0,0,0,open,open,2025-08-27 23:08:43
13584,Kingston Residence Of Santa Fe,,,2025-06-19 22:15:16,listing,https://aplaceforseniorscms.kinsta.cloud/listing/kingston-residence-of-santa-fe/,http://aplaceforseniorscms.kinsta.cloud/wp-content/uploads/2025/07/e455edd4-06d0-44b6-80fe-9e9889b9eb57.png,e455edd4-06d0-44b6-80fe-9e9889b9eb57,,,,http://aplaceforseniorscms.kinsta.cloud/wp-content/uploads/2025/07/e455edd4-06d0-44b6-80fe-9e9889b9eb57.png,,,Santa Fe,New Mexico,default,field_6813f255a7266,"2400 Legacy Court, Santa Fe, Nm 87507",field_68152ed96a2d0,,field_68152f2303743,https://app.seniorplace.com/communities/show/48142078-f30f-4d19-8d36-32b98d22a4d1,field_682e9adea745b,5160,field_682f4d903ba5f,Santa Fe,field_682fc481aaf60,field_68324d980487e,field_68361c6ff3620,[],field_6851bb26d331f,a:1:{i:0;i:298;},a:3:{i:0;i:6;i:1;i:5;i:2;i:488;},12,field_68af89a6f8692,https://app.seniorplace.com/communities/show/48142078-f30f-4d19-8d36-32b98d22a4d1,field_68af89b8e4cd0,,a:1:{i:0;i:95;},,field_6854775df540a,,,,publish,3,melanie,melanie@cooperbold.com,melanie,,kingston-residence-of-santa-fe,,default,0,0,0,open,open,2025-08-27 23:09:18
13749,Mackenzie Place Colorado Springs,,,2025-06-19 22:16:00,listing,https://aplaceforseniorscms.kinsta.cloud/listing/mackenzie-place-colorado-springs/,http://aplaceforseniorscms.kinsta.cloud/wp-content/uploads/2025/07/c21ccf5e0b20263bee5c11694e1f2872.jpg,c21ccf5e0b20263bee5c11694e1f2872,,,,http://aplaceforseniorscms.kinsta.cloud/wp-content/uploads/2025/07/c21ccf5e0b20263bee5c11694e1f2872.jpg,,,Colorado Springs,Colorado,default,field_6813f255a7266,"1655 Elm Creek View, Colorado Springs, Co 80907",field_68152ed96a2d0,,field_68152f2303743,https://app.seniorplace.com/communities/show/c76b9e7b-c54d-41bc-907e-ac8c31c597a4,field_682e9adea745b,4945,field_682f4d903ba5f,Colorado Springs,field_682fc481aaf60,field_68324d980487e,field_68361c6ff3620,[],field_6851bb26d331f,a:1:{i:0;i:219;},a:1:{i:0;i:5;},2,field_68af89a6f8692,https://app.seniorplace.com/communities/show/c76b9e7b-c54d-41bc-907e-ac8c31c597a4,field_68af89b8e4cd0,,a:1:{i:0;i:95;},,field_6854775df540a,,,,publish,3,melanie,melanie@cooperbold.com,melanie,,mackenzie-place-colorado-springs,,default,0,0,0,open,open,2025-08-27 23:09:49
13964,Northglenn Heights Assisted Living Community,,,2025-06-19 22:16:55,listing,https://aplaceforseniorscms.kinsta.cloud/listing/northglenn-heights-assisted-living-community/,,,,,,,,,Northglenn,Colorado,default,field_6813f255a7266,"11475 Pearl Street, Northglenn, Co 80233",field_68152ed96a2d0,,field_68152f2303743,https://app.seniorplace.com/communities/show/82115bf8-1796-46a8-a1f4-743fbfe09bca,field_682e9adea745b,3400,field_682f4d903ba5f,Northglenn,field_682fc481aaf60,field_68324d980487e,field_68361c6ff3620,[],field_6851bb26d331f,a:1:{i:0;i:221;},a:1:{i:0;i:5;},0,field_68af89a6f8692,https://app.seniorplace.com/communities/show/82115bf8-1796-46a8-a1f4-743fbfe09bca,field_68af89b8e4cd0,,a:1:{i:0;i:95;},,field_6854775df540a,,,,publish,3,melanie,melanie@cooperbold.com,melanie,,northglenn-heights-assisted-living-community,,default,0,0,0,open,open,2025-08-27 23:10:28
14250,Rose Of Sharon,,,2025-06-19 22:17:54,listing,https://aplaceforseniorscms.kinsta.cloud/listing/rose-of-sharon/,,,,,,,,,Centennial,Colorado,default,field_6813f255a7266,"5853 S Sherman Way, Centennial, Co 80121",field_68152ed96a2d0,,field_68152f2303743,https://app.seniorplace.com/communities/show/f2c46d0a-8f56-4b77-b650-620101a3e6ae,field_682e9adea745b,,field_682f4d903ba5f,Centennial,field_682fc481aaf60,field_68324d980487e,field_68361c6ff3620,[],field_6851bb26d331f,a:1:{i:0;i:225;},a:1:{i:0;i:1;},0,field_68af89a6f8692,https://app.seniorplace.com/communities/show/f2c46d0a-8f56-4b77-b650-620101a3e6ae,field_68af89b8e4cd0,,a:1:{i:0;i:95;},,field_6854775df540a,,,,publish,3,melanie,melanie@cooperbold.com,melanie,,rose-of-sharon,,default,0,0,0,open,open,2025-08-27 23:11:24
14456,Solstice Senior Living At Sandy,,,2025-06-19 22:18:41,listing,https://aplaceforseniorscms.kinsta.cloud/listing/solstice-senior-living-at-sandy/,http://aplaceforseniorscms.kinsta.cloud/wp-content/uploads/2025/07/155b3eac-8adc-4aa8-b1bc-4a3a15ef812e.jpeg,155b3eac-8adc-4aa8-b1bc-4a3a15ef812e,,,,http://aplaceforseniorscms.kinsta.cloud/wp-content/uploads/2025/07/155b3eac-8adc-4aa8-b1bc-4a3a15ef812e.jpeg,,,Sandy,Utah,default,field_6813f255a7266,"310 E 10600 S, Sandy, Ut 84070",field_68152ed96a2d0,,field_68152f2303743,https://app.seniorplace.com/communities/show/794418c5-bae7-443c-b615-af2d6b9aa7c7,field_682e9adea745b,2315,field_682f4d903ba5f,Sandy,field_682fc481aaf60,field_68324d980487e,field_68361c6ff3620,[],field_6851bb26d331f,a:1:{i:0;i:233;},a:2:{i:0;i:6;i:1;i:488;},12,field_68af89a6f8692,https://app.seniorplace.com/communities/show/794418c5-bae7-443c-b615-af2d6b9aa7c7,field_68af89b8e4cd0,,a:1:{i:0;i:95;},,field_6854775df540a,,,,publish,3,melanie,melanie@cooperbold.com,melanie,,solstice-senior-living-at-sandy,,default,0,0,0,open,open,2025-08-27 23:12:02
14676,The Albuquerque Grand Senior Living,,,2025-06-19 22:19:36,listing,https://aplaceforseniorscms.kinsta.cloud/listing/the-albuquerque-grand-senior-living/,http://aplaceforseniorscms.kinsta.cloud/wp-content/uploads/2025/07/3427bd34-3ff9-4c1c-8ae2-5054b3c40948.jpeg,3427bd34-3ff9-4c1c-8ae2-5054b3c40948,,,,http://aplaceforseniorscms.kinsta.cloud/wp-content/uploads/2025/07/3427bd34-3ff9-4c1c-8ae2-5054b3c40948.jpeg,,,Albuquerque,New Mexico,default,field_6813f255a7266,"1501 Tijeras Avenue Ne, Albuquerque, Nm 87106",field_68152ed96a2d0,,field_68152f2303743,https://app.seniorplace.com/communities/show/147f775e-6c44-4f8b-b6d4-074147369e47,field_682e9adea745b,2100,field_682f4d903ba5f,Albuquerque,field_682fc481aaf60,field_68324d980487e,field_68361c6ff3620,[],field_6851bb26d331f,a:1:{i:0;i:216;},a:1:{i:0;i:1;},2,field_68af89a6f8692,https://app.seniorplace.com/communities/show/147f775e-6c44-4f8b-b6d4-074147369e47,field_68af89b8e4cd0,,a:1:{i:0;i:95;},,field_6854775df540a,,,,publish,3,melanie,melanie@cooperbold.com,melanie,,the-albuquerque-grand-senior-living,,default,0,0,0,open,open,2025-08-27 23:12:44
14771,The Oberon House,,,2025-06-19 22:20:05,listing,https://aplaceforseniorscms.kinsta.cloud/listing/the-oberon-house/,http://aplaceforseniorscms.kinsta.cloud/wp-content/uploads/2025/07/227d34d5-e753-4e9e-80d2-a99f8b74cf2b.png,227d34d5-e753-4e9e-80d2-a99f8b74cf2b,,,,http://aplaceforseniorscms.kinsta.cloud/wp-content/uploads/2025/07/227d34d5-e753-4e9e-80d2-a99f8b74cf2b.png,,,Arvada,Colorado,default,field_6813f255a7266,"9160 W 64Th Avenue, Arvada, Co 80004",field_68152ed96a2d0,,field_68152f2303743,https://app.seniorplace.com/communities/show/4e4ad489-91f3-4ff8-a4f6-4331dbdb5531,field_682e9adea745b,5850,field_682f4d903ba5f,Arvada,field_682fc481aaf60,field_68324d980487e,field_68361c6ff3620,[],field_6851bb26d331f,a:1:{i:0;i:220;},a:2:{i:0;i:5;i:1;i:488;},12,field_68af89a6f8692,https://app.seniorplace.com/communities/show/4e4ad489-91f3-4ff8-a4f6-4331dbdb5531,field_68af89b8e4cd0,,a:1:{i:0;i:95;},,field_6854775df540a,,,,publish,3,melanie,melanie@cooperbold.com,melanie,,the-oberon-house,,default,0,0,0,open,open,2025-08-27 23:13:01
