title,description,address,location-name,state,price,type,featured_image,photos,amenities,url,website,seniorly_url,seniorly_title,seniorly_address,seniorly_pricing,seniorly_care_type,address_similarity,name_similarity,combined_score
Choices R Us Spry,,"9614 Spry Street, Downey, Ca 90242",Downey,CA,,Assisted Living Home,https://placement-crm-cdn.s3.us-west-2.amazonaws.com/_entities/communities/ac6190f867444ca302e132a83357187b.jpg,,,https://app.seniorplace.com/communities/show/df1c9a93-c9fb-4a69-ad67-d0273c898dd4,https://app.seniorplace.com/communities/show/df1c9a93-c9fb-4a69-ad67-d0273c898dd4,https://www.seniorly.com/assisted-living/california/downey/lakewood-park-manor,Lakewood Park Manor,"12045 Lakewood Boulevard, Downey, CA 90242","$5,200","Assisted Living , Independent Living",0.33,0.00,0.23
Choices R Us Stoakes,,"9022 Stoakes Avenue, Downey, Ca 90240",Downey,CA,,Assisted Living Home,https://placement-crm-cdn.s3.us-west-2.amazonaws.com/_entities/communities/b6fc37fd0df1d2dd06b03ee4cedf9cdd.jpg,,,https://app.seniorplace.com/communities/show/a8dca7e3-69a0-4ecd-9bb9-122260daa20e,https://app.seniorplace.com/communities/show/a8dca7e3-69a0-4ecd-9bb9-122260daa20e,https://www.seniorly.com/assisted-living/california/downey/delightful-aging-i,Primecare Downey,"9223 Brookshire Avenue, Downey, CA 90240","$4,560","Assisted Living , Board and Care Home",0.50,0.00,0.35
Choices R Us Ward,,"2100 North Ward Avenue, Compton, Ca 90221",Compton,CA,,Assisted Living Home,https://placement-crm-cdn.s3.us-west-2.amazonaws.com/_entities/communities/4dc492b5a02553697f6d28a168a023b7.jpg,,,https://app.seniorplace.com/communities/show/fd79be88-274d-47c0-89a8-8ed5c6a7d3c0,https://app.seniorplace.com/communities/show/fd79be88-274d-47c0-89a8-8ed5c6a7d3c0,,,,,,,,
Choices R Us Woodhue,,"9523 Woodhue Street, Pico Rivera, Ca 90660",Pico Rivera,CA,,Assisted Living Home,https://placement-crm-cdn.s3.us-west-2.amazonaws.com/_entities/communities/24b75213bef5cb175ad7006699e57a08.jpg,,,https://app.seniorplace.com/communities/show/bb618d8a-5838-44d7-979d-500843465bae,https://app.seniorplace.com/communities/show/bb618d8a-5838-44d7-979d-500843465bae,,,,,,,,
Choices R Us Zamora,,"10524 East Zamora Avenue, Los Angeles, Ca 90002",Los Angeles,CA,,Assisted Living Home,https://placement-crm-cdn.s3.us-west-2.amazonaws.com/_entities/communities/ae5c36c23d53bfd362640b16e6bf8812.jpg,,,https://app.seniorplace.com/communities/show/d1196200-4398-4bd2-aa92-6290b578b901,https://app.seniorplace.com/communities/show/d1196200-4398-4bd2-aa92-6290b578b901,https://www.seniorly.com/assisted-living/california/los-angeles/nazareth-house-los-angeles,Nazareth House,"3333 Manning Avenue, Los Angeles, CA 90064","$3,000","Assisted Living , Independent Living",0.36,0.00,0.25
Chosen,,"769 4Th Avenue, Chula Vista, Ca 91910",Chula Vista,CA,,Assisted Living Home,https://placement-crm-cdn.s3.us-west-2.amazonaws.com/_entities/communities/855c7267ad7e8a0f7186c279e23a81b7.jpg,,,https://app.seniorplace.com/communities/show/cea66c41-e2e1-4723-bcb7-03b6876b771a,https://app.seniorplace.com/communities/show/cea66c41-e2e1-4723-bcb7-03b6876b771a,https://www.seniorly.com/assisted-living/california/chula-vista/fredericka-manor,Fredericka Manor,"183 3rd Avenue, Chula Vista, CA 91910","$2,982","Assisted Living , Memory Care , Independent Living",0.56,0.00,0.39
Chosen Care Assisted Living,,"1469 North 13Th Avenue, Upland, Ca 91786",Upland,CA,,Assisted Living Home,https://placement-crm-cdn.s3.us-west-2.amazonaws.com/_entities/communities/4f57f1e06203306134b5cb4f09ade5ce.jpg,,,https://app.seniorplace.com/communities/show/cf2a8073-0504-472a-a21e-79ae75b4b3e3,https://app.seniorplace.com/communities/show/cf2a8073-0504-472a-a21e-79ae75b4b3e3,https://www.seniorly.com/assisted-living/california/upland/oakmont-of-san-antonio-heights-upland,Oakmont Of San Antonio Heights,"2419 North Euclid Avenue, Upland, CA 91784","$4,995","Assisted Living , Memory Care",0.40,0.00,0.28
Chris Best Care For Elderly,,"8208 Summer Falls Circle, Sacramento, Ca 95828",Sacramento,CA,,Assisted Living Home,https://placement-crm-cdn.s3.us-west-2.amazonaws.com/_entities/communities/62935d626532d4d50f0f182b649a628e.jpg,,,https://app.seniorplace.com/communities/show/b2de5087-1ec2-4077-9138-b89df3e50484,https://app.seniorplace.com/communities/show/b2de5087-1ec2-4077-9138-b89df3e50484,,,,,,,,
Chris Guest Home,,"7325 Perry Road, Bell Gardens, Ca 90201",Bell Gardens,CA,,Assisted Living Home,https://placement-crm-cdn.s3.us-west-2.amazonaws.com/_entities/communities/6a3364677f4a458168c322c01486743f.jpg,,,https://app.seniorplace.com/communities/show/37e4711f-60b9-4f79-92af-bb319296dc2e,https://app.seniorplace.com/communities/show/37e4711f-60b9-4f79-92af-bb319296dc2e,,,,,,,,
Chrisjell Adult Care Services,,"748 Seacliff Court, Rodeo, Ca 94572",Rodeo,CA,,Assisted Living Home,https://placement-crm-cdn.s3.us-west-2.amazonaws.com/_entities/communities/90da2b893dfe7267e08a48f1ba5c3855.jpg,,,https://app.seniorplace.com/communities/show/bf45aabd-e917-4d1b-ba2d-f1c114c02a22,https://app.seniorplace.com/communities/show/bf45aabd-e917-4d1b-ba2d-f1c114c02a22,https://www.seniorly.com/assisted-living/california/rodeo/corinthians-care-home,Loving Hands Care Home,"748 Vaqueros Avenue, Rodeo, CA 94572","$3,800","Assisted Living , Board and Care Home",0.50,0.00,0.35
Christal View Care Home,,"3074 Gawthorne Avenue, Oroville, Ca 95966",Oroville,CA,,Assisted Living Home,https://placement-crm-cdn.s3.us-west-2.amazonaws.com/_entities/communities/7faa2de379237993b5ccb8e5bd1bec6c.jpg,,,https://app.seniorplace.com/communities/show/5151b964-5621-4325-ad37-be2461ca8d48,https://app.seniorplace.com/communities/show/5151b964-5621-4325-ad37-be2461ca8d48,https://www.seniorly.com/assisted-living/california/oroville/country-crest-senior-living,Country Crest Senior Living,"55 Concordia Lane, Oroville, CA 95966","$3,500","Assisted Living , Memory Care , Independent Living",0.33,0.00,0.23
Christian Angel,,"44526 Palo Verde Street, Lancaster, Ca 93536",Lancaster,CA,,Assisted Living Home,https://placement-crm-cdn.s3.us-west-2.amazonaws.com/_entities/communities/b62aae583a17fb8fa38d321e99719b34.jpg,,,https://app.seniorplace.com/communities/show/012aec80-30d7-4eaf-8edd-6a7699c1fda6,https://app.seniorplace.com/communities/show/012aec80-30d7-4eaf-8edd-6a7699c1fda6,https://www.seniorly.com/assisted-living/california/lancaster/ace-s-westcastle-inc,Ohana Elderly Care,"3052 Milling Street, Lancaster, CA 93536","$4,000","Assisted Living , Board and Care Home",0.44,0.00,0.31
Christian Angel,,"3931 Saddle Drive, Palmdale, Ca 93551",Palmdale,CA,,Assisted Living Home,,,,https://app.seniorplace.com/communities/show/3915a5a4-2a73-4703-80ad-64ccf6d8c7af,https://app.seniorplace.com/communities/show/3915a5a4-2a73-4703-80ad-64ccf6d8c7af,https://www.seniorly.com/assisted-living/california/palmdale/mariposa-residential-care,The Providence Manor,"3434 Tamarisk Drive, Palmdale, CA 93551","$4,000","Assisted Living , Board and Care Home",0.50,0.00,0.35
Christian Angel,,"40711 Wimbledon Court, Palmdale, Ca 93551",Palmdale,CA,,Assisted Living Home,https://placement-crm-cdn.s3.us-west-2.amazonaws.com/_entities/communities/d37f4fb714817d0cbea786990d4c8c32.jpg,,,https://app.seniorplace.com/communities/show/ea7fdf63-db16-4b13-b186-c228cdd5c46b,https://app.seniorplace.com/communities/show/ea7fdf63-db16-4b13-b186-c228cdd5c46b,https://www.seniorly.com/assisted-living/california/palmdale/h-m-care-home-corp,4 All Seniors Care Home,"744 Vandal Way, Palmdale, CA 93551","$4,000","Assisted Living , Board and Care Home",0.33,0.00,0.23
Christian Angel,,"22323 Barbacoa Drive, Santa Clarita, Ca 91350",Santa Clarita,CA,,Assisted Living Home,https://placement-crm-cdn.s3.us-west-2.amazonaws.com/_entities/communities/885d3728853bb62129e8d5abd952d0c6.jpg,,,https://app.seniorplace.com/communities/show/11f1ad14-0bdb-4ee9-a238-83d902c85ad7,https://app.seniorplace.com/communities/show/11f1ad14-0bdb-4ee9-a238-83d902c85ad7,https://www.seniorly.com/assisted-living/california/santa-clarita/a-safe-haven,A Safe Haven,"22231 Barbacoa Drive, Santa Clarita, CA 91350","$4,500","Assisted Living , Board and Care Home",0.75,0.00,0.52
Christian Life Home Care,,"1848 Shedden Drive, Loma Linda, Ca 92354",Loma Linda,CA,,Assisted Living Home,https://placement-crm-cdn.s3.us-west-2.amazonaws.com/_entities/communities/a642df75cb1ca2bb8ec57cafd3b0164d.jpg,,,https://app.seniorplace.com/communities/show/9b04b754-fc1b-433a-89c4-99ff79c3246f,https://app.seniorplace.com/communities/show/9b04b754-fc1b-433a-89c4-99ff79c3246f,https://www.seniorly.com/assisted-living/california/loma-linda/christian-life-home-care,Christian Life & Home Care,"1848 South Shedden Drive, Loma Linda, CA 92354","$3,400","Assisted Living , Board and Care Home",0.88,1.00,0.91
Christians Love Elderly Care Facility,,"15336 Lassen Drive, Adelanto, Ca 92301",Adelanto,CA,,Assisted Living Home,https://placement-crm-cdn.s3.us-west-2.amazonaws.com/_entities/communities/702afaa372254bff72b7a98a72d0c020.jpg,,,https://app.seniorplace.com/communities/show/51a59b6a-ab8f-417b-9074-75dad8f64783,https://app.seniorplace.com/communities/show/51a59b6a-ab8f-417b-9074-75dad8f64783,,,,,,,,
Christinas Care Home,,"2551 Mesa Avenue, Clovis, Ca 93611",Clovis,CA,,Assisted Living Home,https://placement-crm-cdn.s3.us-west-2.amazonaws.com/_entities/communities/59b1bd248e80ae5f3809883f09d76739.jpg,,,https://app.seniorplace.com/communities/show/a67a5334-e596-4d42-971a-eec609871436,https://app.seniorplace.com/communities/show/a67a5334-e596-4d42-971a-eec609871436,https://www.seniorly.com/assisted-living/california/clovis/carmel-village-memory-care,Carmel Village at Clovis Senior Living,"2145 Stanford Avenue, Clovis, CA 93611","$4,200","Assisted Living , Memory Care , Independent Living",0.50,0.00,0.35
Christinas Care Home Ii,,"1910 Indianapolis Avenue, Clovis, Ca 93611",Clovis,CA,,Assisted Living Home,https://placement-crm-cdn.s3.us-west-2.amazonaws.com/_entities/communities/3fe3da76d1e922cad8a784456b4c771f.jpg,,,https://app.seniorplace.com/communities/show/54ec4b6c-cdb4-4214-a04d-742b4092ac15,https://app.seniorplace.com/communities/show/54ec4b6c-cdb4-4214-a04d-742b4092ac15,https://www.seniorly.com/assisted-living/california/clovis/carmel-village-memory-care,Carmel Village at Clovis Senior Living,"2145 Stanford Avenue, Clovis, CA 93611","$4,200","Assisted Living , Memory Care , Independent Living",0.50,0.00,0.35
Christinas Home Care,,"8397 Kimberly Way, Hilmar, Ca 95324",Hilmar,CA,,Assisted Living Home,https://placement-crm-cdn.s3.us-west-2.amazonaws.com/_entities/communities/9745764f00111661dbc9d7248a642194.jpg,,,https://app.seniorplace.com/communities/show/f442073a-d634-4f57-ab47-808b68c287e2,https://app.seniorplace.com/communities/show/f442073a-d634-4f57-ab47-808b68c287e2,https://www.seniorly.com/assisted-living/california/hilmar/christina-s-home-care,Christina's Home Care,"8397 Kimberly Way, Hilmar, CA 95324","$3,400","Assisted Living , Board and Care Home",1.00,0.40,0.82
Christines Retreat,,"17145 Willard Street, Los Angeles, Ca 91406",Los Angeles,CA,,Assisted Living Home,https://placement-crm-cdn.s3.us-west-2.amazonaws.com/_entities/communities/4c515d2b444f706b294c5c57952cf0d6.jpg,,,https://app.seniorplace.com/communities/show/1ed9833b-58bf-46b8-b0fc-afc0749a8ef3,https://app.seniorplace.com/communities/show/1ed9833b-58bf-46b8-b0fc-afc0749a8ef3,https://www.seniorly.com/assisted-living/california/los-angeles/beverlywood-retirement-home,Beverlywood Retirement Home,"9014 Hargis Street, Los Angeles, CA 90034","$5,200","Assisted Living , Board and Care Home",0.40,0.00,0.28
Christines Retreat,,"14712 Killion Street, Los Angeles, Ca 91411",Los Angeles,CA,,Assisted Living Home,https://placement-crm-cdn.s3.us-west-2.amazonaws.com/_entities/communities/e8c3864dc8532c8256270a4cec2f37d2.jpg,,,https://app.seniorplace.com/communities/show/20f407f2-9f34-473c-8d7e-d2c44ff3dd0f,https://app.seniorplace.com/communities/show/20f407f2-9f34-473c-8d7e-d2c44ff3dd0f,https://www.seniorly.com/assisted-living/california/los-angeles/beverlywood-retirement-home,Beverlywood Retirement Home,"9014 Hargis Street, Los Angeles, CA 90034","$5,200","Assisted Living , Board and Care Home",0.40,0.00,0.28
Chula Vista Home Care,,"1287 Tobias Drive, Chula Vista, Ca 91911",Chula Vista,CA,,Assisted Living Home,https://placement-crm-cdn.s3.us-west-2.amazonaws.com/_entities/communities/2f90731f02f2570ed4534100dea508fe.jpg,,,https://app.seniorplace.com/communities/show/148dee30-edbd-43c4-81e4-6dbf9d5d8c7b,https://app.seniorplace.com/communities/show/148dee30-edbd-43c4-81e4-6dbf9d5d8c7b,https://www.seniorly.com/assisted-living/california/chula-vista/sunset-coast-assisted-living-chula-vista,Sunset Coast Assisted Living Chula Vista,"1251 2nd Avenue, Chula Vista, CA 91911",,"Assisted Living , Board and Care Home",0.40,0.33,0.38
Chuquimia Adult Family Home,,"16465 Pick Place, Riverside, Ca 92504",Riverside,CA,,Assisted Living Home,https://placement-crm-cdn.s3.us-west-2.amazonaws.com/_entities/communities/b8b4955ed6755160edff5005bbee6093.jpg,,,https://app.seniorplace.com/communities/show/42c9b001-f358-46a6-8cc4-cbdaa8a8efda,https://app.seniorplace.com/communities/show/42c9b001-f358-46a6-8cc4-cbdaa8a8efda,https://www.seniorly.com/assisted-living/california/riverside/golden-horizon-home-i,Golden Horizon Home 1,"15710 Silver Spur Road, Riverside, CA 92504","$5,000","Assisted Living , Board and Care Home",0.30,0.14,0.25
Chuquimias Adult Family Home Ii,,"7611 Kelty Drive, Riverside, Ca 92508",Riverside,CA,,Assisted Living Home,https://placement-crm-cdn.s3.us-west-2.amazonaws.com/_entities/communities/e5671537b009e76f6e6472cd4ddb874a.jpg,,,https://app.seniorplace.com/communities/show/f060abc8-329c-48c5-9bb0-b8cb154eda49,https://app.seniorplace.com/communities/show/f060abc8-329c-48c5-9bb0-b8cb154eda49,https://www.seniorly.com/assisted-living/california/riverside/sunrise-at-canyon-crest-riverside,Sunrise At Canyon Crest,"5265 Chapala Drive, Riverside, CA 92507","$6,749","Assisted Living , Memory Care",0.33,0.00,0.23
Chuquimias Adult Residential,,"2476 Lassalette Court, Riverside, Ca 92503",Riverside,CA,,Assisted Living Home,https://placement-crm-cdn.s3.us-west-2.amazonaws.com/_entities/communities/df7c5ceba33e5a3c820db9c8c6b8e07b.jpg,,,https://app.seniorplace.com/communities/show/b3266f91-8c04-4d64-8655-e01918376a05,https://app.seniorplace.com/communities/show/b3266f91-8c04-4d64-8655-e01918376a05,https://www.seniorly.com/assisted-living/california/riverside/rwins-haven-for-the-elderly-riverside,Rwins Haven For The Elderly,"4912 RedRock Avenue, Riverside, CA 92503","$3,800","Assisted Living , Board and Care Home , Memory Care",0.33,0.00,0.23
Chuquimias Adult Residential Facility,,"7929 Helena Avenue, Riverside, Ca 92504",Riverside,CA,,Assisted Living Home,https://placement-crm-cdn.s3.us-west-2.amazonaws.com/_entities/communities/0c3035f43fb7dbd5beed4a2811ef247c.jpg,,,https://app.seniorplace.com/communities/show/1eca9577-3c51-4768-880e-266dccc3a0ee,https://app.seniorplace.com/communities/show/1eca9577-3c51-4768-880e-266dccc3a0ee,https://www.seniorly.com/assisted-living/california/riverside/citrus-place,Citrus Place,"7898 California Avenue, Riverside, CA 92504","$3,000","Assisted Living , Memory Care , Independent Living",0.50,0.00,0.35
Chuquimias Adult Residential Facility Iii,,"11964 Jonathan Drive, Riverside, Ca 92503",Riverside,CA,,Assisted Living Home,https://placement-crm-cdn.s3.us-west-2.amazonaws.com/_entities/communities/fcc98f30a742e0c8c63ce4116da445aa.jpg,,,https://app.seniorplace.com/communities/show/041931f5-7e1f-4223-934f-4db9f50c72e1,https://app.seniorplace.com/communities/show/041931f5-7e1f-4223-934f-4db9f50c72e1,https://www.seniorly.com/assisted-living/california/riverside/sunrise-at-canyon-crest-riverside,Sunrise At Canyon Crest,"5265 Chapala Drive, Riverside, CA 92507","$6,749","Assisted Living , Memory Care",0.33,0.00,0.23
Church Rcf,,"1306 Church Avenue, San Martin, Ca 95046",San Martin,CA,,Assisted Living Home,https://placement-crm-cdn.s3.us-west-2.amazonaws.com/_entities/communities/e0a0da7bc94a6381beab6242c4dd5a47.jpg,,,https://app.seniorplace.com/communities/show/3e8662d6-07b5-40df-bfaa-623773de4bc0,https://app.seniorplace.com/communities/show/3e8662d6-07b5-40df-bfaa-623773de4bc0,https://www.seniorly.com/assisted-living/california/san-martin/church-rcf,Church Rcf,"1306 Church Avenue, San Martin, CA 95046","$5,900","Assisted Living , Board and Care Home",1.00,1.00,1.00
Churn Creek Bottom,,"7149 Churn Creek Road, Redding, Ca 96002",Redding,CA,,Assisted Living Home,,,,https://app.seniorplace.com/communities/show/173d7bcb-b511-4650-8161-314f500dc030,https://app.seniorplace.com/communities/show/173d7bcb-b511-4650-8161-314f500dc030,https://www.seniorly.com/assisted-living/california/redding/the-vistas-assisted-living-memory-care,The Vistas Assisted Living & Memory Care,"3030 Heritagetown Drive, Redding, CA 96002","$5,390","Assisted Living , Memory Care",0.30,0.00,0.21
Cicada Brentwood,,"1175 Mulberry Place, Brentwood, Ca 94513",Brentwood,CA,,Assisted Living Home,https://placement-crm-cdn.s3.us-west-2.amazonaws.com/_entities/communities/d44b96d8c18a69e7b0c943bad27c7bf3.jpg,,,https://app.seniorplace.com/communities/show/40cbe783-653d-482f-80ce-e19fd826238d,https://app.seniorplace.com/communities/show/40cbe783-653d-482f-80ce-e19fd826238d,https://www.seniorly.com/assisted-living/california/brentwood/brentwood-care-home,Brentwood Care Home,"1611 Minnesota Avenue, Brentwood, CA 94513","$4,500","Assisted Living , Board and Care Home",0.33,0.50,0.38
Cicada Solitude,,"706 Solitude Drive, Oakley, Ca 94561",Oakley,CA,,Assisted Living Home,https://placement-crm-cdn.s3.us-west-2.amazonaws.com/_entities/communities/bd1f5149ea8de2f6bf9e6c140fc11e4a.jpg,,,https://app.seniorplace.com/communities/show/2821c065-d936-4d78-8c90-ec93136dfc95,https://app.seniorplace.com/communities/show/2821c065-d936-4d78-8c90-ec93136dfc95,https://www.seniorly.com/assisted-living/california/oakley/serene-care-winchester,Serene Care Winchester,"4984 Winchester Drive, Oakley, CA 94561","$4,530",Assisted Living,0.50,0.00,0.35
Cicadalaurel,,"2145 Connie Lane, Oakley, Ca 94561",Oakley,CA,,Assisted Living Home,https://placement-crm-cdn.s3.us-west-2.amazonaws.com/_entities/communities/271536075a2ab2a7c49513baf77ca446.jpg,,,https://app.seniorplace.com/communities/show/94cf4a89-6596-4d36-b31b-fcadf6398e09,https://app.seniorplace.com/communities/show/94cf4a89-6596-4d36-b31b-fcadf6398e09,https://www.seniorly.com/assisted-living/california/oakley/serene-care-winchester,Serene Care Winchester,"4984 Winchester Drive, Oakley, CA 94561","$4,530",Assisted Living,0.33,0.00,0.23
Cicadamill Valley,,"309 Enterprise Concourse, Mill Valley, Ca 94941",Mill Valley,CA,,Assisted Living Home,https://placement-crm-cdn.s3.us-west-2.amazonaws.com/_entities/communities/184442fcf06916aea5d1e00dd261fe67.jpg,,,https://app.seniorplace.com/communities/show/51e632f6-a236-44fb-ad10-b10815c9ad42,https://app.seniorplace.com/communities/show/51e632f6-a236-44fb-ad10-b10815c9ad42,https://www.seniorly.com/assisted-living/california/mill-valley/marin-terrace-mill-valley,Marin Terrace,"297 Miller Avenue, Mill Valley, CA 94941","$6,500","Assisted Living , Memory Care",0.40,0.00,0.28
Cider House,,"207 Newell Drive, Fortuna, Ca 95540",Fortuna,CA,,Assisted Living Home,https://placement-crm-cdn.s3.us-west-2.amazonaws.com/_entities/communities/71a13a2921d5e0ed885469a0e1f6aba3.jpg,,,https://app.seniorplace.com/communities/show/ecf2e9ee-70ee-4371-aa1d-d0cffae47b80,https://app.seniorplace.com/communities/show/ecf2e9ee-70ee-4371-aa1d-d0cffae47b80,https://www.seniorly.com/assisted-living/california/fortuna/sequoia-springs-senior-living-community,Sequoia Springs Senior Living Community,"2401 Redwood Way, Fortuna, CA 95540","$2,250","Assisted Living , Memory Care",0.33,0.00,0.23
Ciela,,"17310 Vereda De La Montura, Los Angeles, Ca 90272",Los Angeles,CA,,Assisted Living Home,https://placement-crm-cdn.s3.us-west-2.amazonaws.com/_entities/communities/ead70bb5ade37c4d68a10e939ee67f57.jpg,,,https://app.seniorplace.com/communities/show/4de72dda-9ceb-4e9e-9bf9-8b850a724100,https://app.seniorplace.com/communities/show/4de72dda-9ceb-4e9e-9bf9-8b850a724100,,,,,,,,
Cielo Care Home,,"1798 Picket Fence Drive, Chula Vista, Ca 91915",Chula Vista,CA,,Assisted Living Home,https://placement-crm-cdn.s3.us-west-2.amazonaws.com/_entities/communities/919330f09d1e26b941dce67574763ae6.jpg,,,https://app.seniorplace.com/communities/show/ec385438-be1e-467f-b278-01e40507d57e,https://app.seniorplace.com/communities/show/ec385438-be1e-467f-b278-01e40507d57e,https://www.seniorly.com/assisted-living/california/chula-vista/ivy-park-at-otay-ranch,Ivy Park At Otay Ranch,"1290 Santa Rosa Drive, Chula Vista, CA 91913","$3,595","Assisted Living , Memory Care",0.33,0.00,0.23
Cielo Vista,,"806 Elm Avenue, Greenfield, Ca 93927",Greenfield,CA,,Assisted Living Home,https://placement-crm-cdn.s3.us-west-2.amazonaws.com/_entities/communities/7dcc0ee6d0702a1465854fc182bd34a2.jpg,,,https://app.seniorplace.com/communities/show/f6362661-913d-43a8-8140-e228b7a25556,https://app.seniorplace.com/communities/show/f6362661-913d-43a8-8140-e228b7a25556,,,,,,,,
Cielo Vista Senior Living,,"7571 Wyoming Street, Westminster, Ca 92683",Westminster,CA,,Assisted Living Home,https://placement-crm-cdn.s3.us-west-2.amazonaws.com/_entities/communities/c48d9c1ba9259b35e2b14a6a0f1d41af.jpg,,,https://app.seniorplace.com/communities/show/3e6e9bd3-861f-4c6c-957e-acf696e41603,https://app.seniorplace.com/communities/show/3e6e9bd3-861f-4c6c-957e-acf696e41603,https://www.seniorly.com/assisted-living/california/westminster/westminster-terrace-senior-living,Westminster Terrace,"7571 Westminster Boulevard, Westminster, CA 92683","$2,700","Assisted Living , Independent Living",0.57,0.00,0.40
Cienega Residential Care,,"20829 East Cienega Avenue, Covina, Ca 91724",Covina,CA,,Assisted Living Home,,,,https://app.seniorplace.com/communities/show/5eaf0565-5720-48d7-88f0-b14f687417ac,https://app.seniorplace.com/communities/show/5eaf0565-5720-48d7-88f0-b14f687417ac,https://www.seniorly.com/assisted-living/california/covina/el-descanso-retirement-home,El Descanso Retirement Home,"21020 East Cienega Avenue, Covina, CA 91724","$3,480","Assisted Living , Board and Care Home",0.75,0.00,0.52
Cienna Home Care,,"15 Benoit Court, Sacramento, Ca 95823",Sacramento,CA,,Assisted Living Home,https://placement-crm-cdn.s3.us-west-2.amazonaws.com/_entities/communities/60b4f4f61353657a212ed9a88e7e0ee2.jpg,,,https://app.seniorplace.com/communities/show/1aad10b6-1ca1-4a0c-91d1-56a2bd417c4a,https://app.seniorplace.com/communities/show/1aad10b6-1ca1-4a0c-91d1-56a2bd417c4a,https://www.seniorly.com/assisted-living/california/sacramento/saint-francis-senior-residence,City Creek Assisted Living,"6254 66Th Avenue, Sacramento, CA 95823","$1,400",Assisted Living,0.33,0.00,0.23
Cienna Home Care Ii,,"3866 Sea Forest Way, Sacramento, Ca 95823",Sacramento,CA,,Assisted Living Home,https://placement-crm-cdn.s3.us-west-2.amazonaws.com/_entities/communities/c90cbc170d49f9d7f76b2797d973bd98.jpg,,,https://app.seniorplace.com/communities/show/8d4165cd-74a2-47f2-a901-ef99977fc23a,https://app.seniorplace.com/communities/show/8d4165cd-74a2-47f2-a901-ef99977fc23a,https://www.seniorly.com/assisted-living/california/sacramento/acc-assisted-living-at-greenhaven-terrace,Acc Assisted Living At Greenhaven Terrace,"1180 Corporate Way, Sacramento, CA 95831","$2,800","Assisted Living , Independent Living",0.30,0.00,0.21
Cinco Palmas,,"332 Ogden Way, Vacaville, Ca 95687",Vacaville,CA,,Assisted Living Home,https://placement-crm-cdn.s3.us-west-2.amazonaws.com/_entities/communities/e57158099ca009302d09cdd526858e66.jpg,,,https://app.seniorplace.com/communities/show/ceab908c-9bb3-4966-9151-868ed1bdf518,https://app.seniorplace.com/communities/show/ceab908c-9bb3-4966-9151-868ed1bdf518,https://www.seniorly.com/assisted-living/california/vacaville/a-loving-place,Our Lady Of Peace Home Care,"900 Dawnview Way, Vacaville, CA 95687","$4,800","Assisted Living , Board and Care Home",0.50,0.00,0.35
Cindy Cendana Care Home,,"10108 Monte Vallo Court, Sacramento, Ca 95827",Sacramento,CA,,Assisted Living Home,https://placement-crm-cdn.s3.us-west-2.amazonaws.com/_entities/communities/a52933297691947f757df7c09a26cf89.jpg,,,https://app.seniorplace.com/communities/show/3cae067f-cc5c-40a4-91a0-b82af9da4949,https://app.seniorplace.com/communities/show/3cae067f-cc5c-40a4-91a0-b82af9da4949,https://www.seniorly.com/assisted-living/california/sacramento/golden-pond-retirement-community,Golden Pond Retirement Community,"3415 Mayhew Road, Sacramento, CA 95827","$4,420","Assisted Living , Memory Care , Independent Living",0.30,0.00,0.21
Cinnamon Garden Home,,"1534 Wakefield Avenue, Thousand Oaks, Ca 91360",Thousand Oaks,CA,,Assisted Living Home,https://placement-crm-cdn.s3.us-west-2.amazonaws.com/_entities/communities/6c0b2fd0dde4fd9eafb9011555b75d65.jpg,,,https://app.seniorplace.com/communities/show/9b412ba0-e576-4ed9-b9cb-229e68366199,https://app.seniorplace.com/communities/show/9b412ba0-e576-4ed9-b9cb-229e68366199,https://www.seniorly.com/assisted-living/california/thousand-oaks/taylored-residential-care-iii,Select Senior Living III,"1959 Hendrix Avenue, Thousand Oaks, CA 91360","$4,000","Assisted Living , Board and Care Home",0.56,0.00,0.39
Circle Home,,"15301 Tuolumne Road, Sonora, Ca 95370",Sonora,CA,,Assisted Living Home,https://placement-crm-cdn.s3.us-west-2.amazonaws.com/_entities/communities/411dc749fc20586c86aec2bd1038734d.jpg,,,https://app.seniorplace.com/communities/show/277ac2a2-d9b1-48f6-9174-8a4547714084,https://app.seniorplace.com/communities/show/277ac2a2-d9b1-48f6-9174-8a4547714084,,,,,,,,
Circle Of Grace,,"7157 Hidden Pine Drive, San Gabriel, Ca 91775",San Gabriel,CA,,Assisted Living Home,https://placement-crm-cdn.s3.us-west-2.amazonaws.com/_entities/communities/7d6660bbaa6510705bb92d372e2d7589.jpg,,,https://app.seniorplace.com/communities/show/d69c76b7-54d8-4afe-9363-30a1c1b5ba28,https://app.seniorplace.com/communities/show/d69c76b7-54d8-4afe-9363-30a1c1b5ba28,https://www.seniorly.com/assisted-living/california/san-gabriel/ivy-park-at-san-marino-san-gabriel-8332-huntington-drive,Ivy Park at San Marino,"8332 Huntington Drive, San Gabriel, CA 91775","$4,500","Assisted Living , Memory Care",0.50,0.00,0.35
Circle Of Hearts Adult Residential Facility,,"13830 Bayberry Street, Victorville, Ca 92392",Victorville,CA,,Assisted Living Home,https://placement-crm-cdn.s3.us-west-2.amazonaws.com/_entities/communities/e5b4c930a98534f38036b68b9457813a.jpg,,,https://app.seniorplace.com/communities/show/e60efc11-6771-41f7-8f54-e7d3f9fe4ebf,https://app.seniorplace.com/communities/show/e60efc11-6771-41f7-8f54-e7d3f9fe4ebf,https://www.seniorly.com/assisted-living/california/victorville/evans-elderly-residential-care,Evans Elderly Residential Care,"13947 castille street, Victorville, CA 92392","$4,190","Assisted Living , Board and Care Home",0.50,0.11,0.38
Cisters Loving Care Home,,"9837 Lucca Way, Elk Grove, Ca 95757",Elk Grove,CA,,Assisted Living Home,https://placement-crm-cdn.s3.us-west-2.amazonaws.com/_entities/communities/142e9183ee19a785a703caba032d2349.jpg,,,https://app.seniorplace.com/communities/show/6d448ca3-367d-49e3-9e80-de0f98879b2f,https://app.seniorplace.com/communities/show/6d448ca3-367d-49e3-9e80-de0f98879b2f,https://www.seniorly.com/assisted-living/california/elk-grove/curly-anne-s-residence,Curly Anne's Residence,"10435 Danichris Way, Elk Grove, CA 95757","$3,900",Assisted Living,0.56,0.00,0.39
Cisters Loving Care Home 3,,"8129 Laguna Brook Way, Elk Grove, Ca 95758",Elk Grove,CA,,Assisted Living Home,https://placement-crm-cdn.s3.us-west-2.amazonaws.com/_entities/communities/91be1e093af8c45f2a62c4a81d9c1700.jpg,,,https://app.seniorplace.com/communities/show/cce11b68-c47e-4bf6-b91d-4d06fd9cc159,https://app.seniorplace.com/communities/show/cce11b68-c47e-4bf6-b91d-4d06fd9cc159,https://www.seniorly.com/assisted-living/california/elk-grove/ivy-park-at-laguna-creek,Ivy Park at Laguna Creek,"6727 Laguna Park Drive, Elk Grove, CA 95758","$4,095","Assisted Living , Memory Care",0.45,0.00,0.32
Cisters Loving Care Home Ii,,"5316 Nectar Circle, Elk Grove, Ca 95757",Elk Grove,CA,,Assisted Living Home,https://placement-crm-cdn.s3.us-west-2.amazonaws.com/_entities/communities/376c29f66e84620c9496df9162db9f53.jpg,,,https://app.seniorplace.com/communities/show/5c91838b-6c6c-47be-b2c2-21e63d7fc847,https://app.seniorplace.com/communities/show/5c91838b-6c6c-47be-b2c2-21e63d7fc847,https://www.seniorly.com/assisted-living/california/elk-grove/curly-anne-s-residence,Curly Anne's Residence,"10435 Danichris Way, Elk Grove, CA 95757","$3,900",Assisted Living,0.40,0.00,0.28
Citadel Homes 2,,"12231 183Rd Street, Artesia, Ca 90701",Artesia,CA,,Assisted Living Home,https://placement-crm-cdn.s3.us-west-2.amazonaws.com/_entities/communities/1446b968a9e0bfb2fbc6a2297bfd1051.jpg,,,https://app.seniorplace.com/communities/show/eebcf137-e857-4cd2-a8ef-9cdbc65df695,https://app.seniorplace.com/communities/show/eebcf137-e857-4cd2-a8ef-9cdbc65df695,,,,,,,,
Citadel Homes,,"1840 Aquarius Street, Long Beach, Ca 90810",Long Beach,CA,,Assisted Living Home,https://placement-crm-cdn.s3.us-west-2.amazonaws.com/_entities/communities/3bc87ba2f3d2c387125260b81ad3daf8.jpg,,,https://app.seniorplace.com/communities/show/08998fe4-9978-4654-ae49-b9af9ebde885,https://app.seniorplace.com/communities/show/08998fe4-9978-4654-ae49-b9af9ebde885,https://www.seniorly.com/assisted-living/california/long-beach/crofton-manor-inn,Crofton Manor Inn,"1950 East 5th Street, Long Beach, CA 90802","$1,300","Assisted Living , Memory Care",0.36,0.00,0.25
Citiview Residential Care,,"15646 Rancho Viejo Drive, Riverside, Ca 92506",Riverside,CA,,Assisted Living Home,https://placement-crm-cdn.s3.us-west-2.amazonaws.com/_entities/communities/9724f7179c9e850cafde05d169048560.jpg,,,https://app.seniorplace.com/communities/show/9e2fc4f0-93ba-4b6d-8fd5-d343d355dcb2,https://app.seniorplace.com/communities/show/9e2fc4f0-93ba-4b6d-8fd5-d343d355dcb2,https://www.seniorly.com/assisted-living/california/riverside/sunrise-at-canyon-crest-riverside,Sunrise At Canyon Crest,"5265 Chapala Drive, Riverside, CA 92507","$6,749","Assisted Living , Memory Care",0.30,0.00,0.21
Citrus Breeze Villa,,"1009 South Citrus Street, West Covina, Ca 91791",West Covina,CA,,Assisted Living Home,https://placement-crm-cdn.s3.us-west-2.amazonaws.com/_entities/communities/fa24ecdcfe54473e410393f228898cdf.jpg,,,https://app.seniorplace.com/communities/show/39a817dc-f1a2-4870-ab2d-be084e325d09,https://app.seniorplace.com/communities/show/39a817dc-f1a2-4870-ab2d-be084e325d09,https://www.seniorly.com/assisted-living/california/west-covina/regency-grand-at-west-covina,Regency Grand of West Covina Assisted Living and Memory Care,"150 South Grand Avenue., West Covina, CA 91791","$3,325","Assisted Living , Memory Care",0.45,0.00,0.32
1 Duarte Care,,"2436 El Toro Road, Duarte, Ca 91010",Duarte,CA,,Assisted Living Home,https://placement-crm-cdn.s3.us-west-2.amazonaws.com/_entities/communities/14fd6aa5b78c2e7fecaeb78fb6796abe.jpg,,,https://app.seniorplace.com/communities/show/770acd23-7014-4a00-a801-5f9f88ed971a,https://app.seniorplace.com/communities/show/770acd23-7014-4a00-a801-5f9f88ed971a,,,,,,,,
Citrus Crest Care Home 1,,"6906 Henning Drive, Citrus Heights, Ca 95621",Citrus Heights,CA,,Assisted Living Home,https://placement-crm-cdn.s3.us-west-2.amazonaws.com/_entities/communities/9f293d8bcf992696e5587f4d5626a7e5.jpg,,,https://app.seniorplace.com/communities/show/18648d33-7eab-4aa0-9acf-3c19ccab8a5a,https://app.seniorplace.com/communities/show/18648d33-7eab-4aa0-9acf-3c19ccab8a5a,https://www.seniorly.com/assisted-living/california/citrus-heights/citrus-pines-senior-living,Citrus Pines Senior Living,"8300 Patton Avenue, Citrus Heights, CA 95610","$4,800","Assisted Living , Board and Care Home",0.27,0.25,0.27
Citrus Crest Care Home 2,,"6813 Marinvale Drive, Citrus Heights, Ca 95621",Citrus Heights,CA,,Assisted Living Home,https://placement-crm-cdn.s3.us-west-2.amazonaws.com/_entities/communities/6c03b45a1ca7c15a4a66650a184cfbab.jpg,,,https://app.seniorplace.com/communities/show/8681dbfc-46bc-42d9-9f1a-f2244daf851e,https://app.seniorplace.com/communities/show/8681dbfc-46bc-42d9-9f1a-f2244daf851e,https://www.seniorly.com/assisted-living/california/citrus-heights/citrus-pines-senior-living,Citrus Pines Senior Living,"8300 Patton Avenue, Citrus Heights, CA 95610","$4,800","Assisted Living , Board and Care Home",0.27,0.25,0.27
Citrus Garden Care Home,,"5648 Timmerman Way, Citrus Heights, Ca 95621",Citrus Heights,CA,,Assisted Living Home,https://placement-crm-cdn.s3.us-west-2.amazonaws.com/_entities/communities/9c36dd5ab5aaf6f592ebfe66adbb44fa.jpg,,,https://app.seniorplace.com/communities/show/96247c20-c1d8-42b9-9822-34a1e6401327,https://app.seniorplace.com/communities/show/96247c20-c1d8-42b9-9822-34a1e6401327,https://www.seniorly.com/assisted-living/california/citrus-heights/citrus-pines-senior-living,Citrus Pines Senior Living,"8300 Patton Avenue, Citrus Heights, CA 95610","$4,800","Assisted Living , Board and Care Home",0.27,0.33,0.29
Citrus Garden Residential Care,,"704 Via Ladera, Escondido, Ca 92029",Escondido,CA,,Assisted Living Home,https://placement-crm-cdn.s3.us-west-2.amazonaws.com/_entities/communities/a1dfcb94b9347da512eea52b084f65b3.jpg,,,https://app.seniorplace.com/communities/show/724971ca-3684-4ed6-bf2d-9150f6b7313d,https://app.seniorplace.com/communities/show/724971ca-3684-4ed6-bf2d-9150f6b7313d,https://www.seniorly.com/assisted-living/california/escondido/ivy-park-at-escondido,Ivy Park At Escondido,"930 Monticello Drive, Escondido, CA 92029","$3,895","Assisted Living , Memory Care",0.33,0.00,0.23
Citrus Gardens,,"25911 Stanford Street, Hemet, Ca 92544",Hemet,CA,,Assisted Living Home,,,,https://app.seniorplace.com/communities/show/83ef1c79-492c-488e-bf19-9cd2d2cf2f8a,https://app.seniorplace.com/communities/show/83ef1c79-492c-488e-bf19-9cd2d2cf2f8a,https://www.seniorly.com/assisted-living/california/hemet/citrus-gardens,Citrus Gardens,"25911 Stanford Street, Hemet, CA 92544","$4,400",Assisted Living,1.00,1.00,1.00
Citrus Heights Health Center,,"161 S North Reeder Avenue, Covina, Ca 91724",Covina,CA,,Continuing Care Retirement Community,https://placement-crm-cdn.s3.us-west-2.amazonaws.com/_entities/communities/1693d79bfa83fed2c2cfd8f6ab180e3a.jpg,,,https://app.seniorplace.com/communities/show/9f4b5314-b1c6-49b1-820f-55f5ab19a42a,https://app.seniorplace.com/communities/show/9f4b5314-b1c6-49b1-820f-55f5ab19a42a,https://www.seniorly.com/assisted-living/california/covina/el-descanso-retirement-home,El Descanso Retirement Home,"21020 East Cienega Avenue, Covina, CA 91724","$3,480","Assisted Living , Board and Care Home",0.36,0.00,0.25
Citrus Heights Senior Living,,"8440 Edgecliff Court, Citrus Heights, Ca 95610",Citrus Heights,CA,,Assisted Living Home,https://placement-crm-cdn.s3.us-west-2.amazonaws.com/_entities/communities/c8ed3098271dc7ce186d25582f57a6a1.jpg,,,https://app.seniorplace.com/communities/show/645e65cd-e918-4da8-8c06-9b35d43adc14,https://app.seniorplace.com/communities/show/645e65cd-e918-4da8-8c06-9b35d43adc14,https://www.seniorly.com/assisted-living/california/citrus-heights/citrus-heights-terrace,Citrus Heights Terrace,"7952 Old Auburn Road, Citrus Heights, CA 95610","$4,745",Memory Care,0.36,0.67,0.45
Citrus Heights Terrace,,"7952 Old Auburn Road, Citrus Heights, Ca 95610",Citrus Heights,CA,,Assisted Living Home,https://placement-crm-cdn.s3.us-west-2.amazonaws.com/_entities/communities/b6e20d1bd5e4ebdf1776a82c7877eaa6.jpg,,,https://app.seniorplace.com/communities/show/8f296258-b073-4214-a8e8-d6632e9ae28b,https://app.seniorplace.com/communities/show/8f296258-b073-4214-a8e8-d6632e9ae28b,https://www.seniorly.com/assisted-living/california/citrus-heights/citrus-heights-terrace,Citrus Heights Terrace,"7952 Old Auburn Road, Citrus Heights, CA 95610","$4,745",Memory Care,1.00,1.00,1.00
Citrus Hills Assisted Living,,"142 South Prospect Street, Orange, Ca 92869",Orange,CA,,Assisted Living Home,https://placement-crm-cdn.s3.us-west-2.amazonaws.com/_entities/communities/3e293169b93422e7ddbf9cd176c28ec2.jpg,,,https://app.seniorplace.com/communities/show/9c036252-ba9e-4df6-8c62-f7c5dcd320a9,https://app.seniorplace.com/communities/show/9c036252-ba9e-4df6-8c62-f7c5dcd320a9,https://www.seniorly.com/assisted-living/california/orange/citrus-hills-assisted-living,Citrus Hills Assisted Living,"142 South Prospect Street, Orange, CA 92869","$6,400","Assisted Living , Memory Care , Independent Living",1.00,1.00,1.00
Citrus Pines Senior Living,,"8300 Patton Avenue, Citrus Heights, Ca 95610",Citrus Heights,CA,,Assisted Living Home,https://placement-crm-cdn.s3.us-west-2.amazonaws.com/_entities/communities/83d4804ce195be9dabe0460e728acd16.jpg,,,https://app.seniorplace.com/communities/show/bf1f0366-ff62-49a7-bb89-cf4f1b1e5886,https://app.seniorplace.com/communities/show/bf1f0366-ff62-49a7-bb89-cf4f1b1e5886,https://www.seniorly.com/assisted-living/california/citrus-heights/citrus-pines-senior-living,Citrus Pines Senior Living,"8300 Patton Avenue, Citrus Heights, CA 95610","$4,800","Assisted Living , Board and Care Home",1.00,1.00,1.00
11772 Justine Way,,"11772 Justine Way, Adelanto, Ca 92301",Adelanto,CA,,Assisted Living Home,https://placement-crm-cdn.s3.us-west-2.amazonaws.com/_entities/communities/5c2d5cae7534f16578ec4572eb644f7a.jpg,,,https://app.seniorplace.com/communities/show/9c5d0230-bf5e-4315-9883-37a2257b33c4,https://app.seniorplace.com/communities/show/9c5d0230-bf5e-4315-9883-37a2257b33c4,,,,,,,,
Citrus Place,,"7898 California Avenue, Riverside, Ca 92504",Riverside,CA,,Assisted Living Home,https://placement-crm-cdn.s3.us-west-2.amazonaws.com/_entities/communities/21cf45e4ffbf019cf3c60d09a1c623f6.jpg,,,https://app.seniorplace.com/communities/show/40a76af6-92e2-4974-8b2a-c0d20633c3db,https://app.seniorplace.com/communities/show/40a76af6-92e2-4974-8b2a-c0d20633c3db,https://www.seniorly.com/assisted-living/california/riverside/citrus-place,Citrus Place,"7898 California Avenue, Riverside, CA 92504","$3,000","Assisted Living , Memory Care , Independent Living",1.00,1.00,1.00
Citrus Residential Facility,,"1329 North Citrus Avenue, Covina, Ca 91722",Covina,CA,,Assisted Living Home,https://placement-crm-cdn.s3.us-west-2.amazonaws.com/_entities/communities/2d30a0926b708912c96275e2495868e1.jpg,,,https://app.seniorplace.com/communities/show/84f63a2b-a2a4-48b6-bed3-20bf938c13e1,https://app.seniorplace.com/communities/show/84f63a2b-a2a4-48b6-bed3-20bf938c13e1,,,,,,,,
11848 Trailwood Street,,"11848 Trailwood Street, Victorville, Ca 92392",Victorville,CA,,Assisted Living Home,https://placement-crm-cdn.s3.us-west-2.amazonaws.com/_entities/communities/8b5c3c1224ebdb78ac210f9717b272e5.jpg,,,https://app.seniorplace.com/communities/show/2212b5da-4572-476b-abfe-ccd14762abb9,https://app.seniorplace.com/communities/show/2212b5da-4572-476b-abfe-ccd14762abb9,https://www.seniorly.com/assisted-living/california/victorville/evans-elderly-residential-care,Evans Elderly Residential Care,"13947 castille street, Victorville, CA 92392","$4,190","Assisted Living , Board and Care Home",0.50,0.00,0.35
Citrus Villa Assisted Living,,"640 East Washington Avenue, San Jacinto, Ca 92583",San Jacinto,CA,,Assisted Living Home,https://placement-crm-cdn.s3.us-west-2.amazonaws.com/_entities/communities/eef1fb42f8df4f058e5f003b4889c742.jpg,,,https://app.seniorplace.com/communities/show/c1dc5274-7829-40ae-b44b-6064b0ec510b,https://app.seniorplace.com/communities/show/c1dc5274-7829-40ae-b44b-6064b0ec510b,https://www.seniorly.com/assisted-living/california/san-jacinto/san-jacinto-chateau,San Jacinto Chateau,"350 South Alessandro Avenue, San Jacinto, CA 92583","$4,080",Assisted Living,0.45,0.00,0.32
143 West Sidlee,,"143 West Sidlee Street, Thousand Oaks, Ca 91360",Thousand Oaks,CA,,Assisted Living Home,https://placement-crm-cdn.s3.us-west-2.amazonaws.com/_entities/communities/40b364e358775d00c49f7edb82655cc3.jpg,,,https://app.seniorplace.com/communities/show/2bff9b0e-12f3-487f-ba8a-ed642d988c30,https://app.seniorplace.com/communities/show/2bff9b0e-12f3-487f-ba8a-ed642d988c30,https://www.seniorly.com/assisted-living/california/thousand-oaks/thousand-oaks-home-care-ii,9 West Sidlee,"9 West Sidlee Street, Thousand Oaks, CA 91360","$4,000","Assisted Living , Board and Care Home",0.78,0.50,0.69
1440 By The Bay,,"1440 40Th Street, Emeryville, Ca 94608",Emeryville,CA,,Assisted Living Home,https://placement-crm-cdn.s3.us-west-2.amazonaws.com/_entities/communities/713756e240e281bcca1a385454a5726c.jpg,,,https://app.seniorplace.com/communities/show/fa3b3d05-ccab-4b40-a599-caea45d3c43c,https://app.seniorplace.com/communities/show/fa3b3d05-ccab-4b40-a599-caea45d3c43c,https://www.seniorly.com/assisted-living/california/emeryville/the-watermark-by-the-bay,1440 by the Bay,"1440 40th Street, Emeryville, CA 94608","$4,500","Assisted Living , Memory Care",1.00,1.00,1.00
City Creek Assisted Living,,"6254 66Th Avenue, Sacramento, Ca 95823",Sacramento,CA,,Assisted Living Home,,,,https://app.seniorplace.com/communities/show/76690785-268e-4928-a617-f75a5f4121c4,https://app.seniorplace.com/communities/show/76690785-268e-4928-a617-f75a5f4121c4,https://www.seniorly.com/assisted-living/california/sacramento/saint-francis-senior-residence,City Creek Assisted Living,"6254 66Th Avenue, Sacramento, CA 95823","$1,400",Assisted Living,1.00,1.00,1.00
City Home Senior Living,,"1672 Golden Way, Beaumont, Ca 92223",Beaumont,CA,,Assisted Living Home,https://placement-crm-cdn.s3.us-west-2.amazonaws.com/_entities/communities/884b72f01bc6caee31da41dcac3588bd.jpg,,,https://app.seniorplace.com/communities/show/35c4f6b7-9adc-4c7e-a5e5-0fcbc45edfb4,https://app.seniorplace.com/communities/show/35c4f6b7-9adc-4c7e-a5e5-0fcbc45edfb4,https://www.seniorly.com/assisted-living/california/beaumont/city-home-senior-living,City Home Senior Living,"1672 Golden Way, Beaumont, CA 92223","$4,200",Assisted Living,1.00,1.00,1.00
164Th Place,,"1249 West 164Th Street, Gardena, Ca 90247",Gardena,CA,,Assisted Living Home,https://placement-crm-cdn.s3.us-west-2.amazonaws.com/_entities/communities/98b7952828731acc4ba69bab722550ec.jpg,,,https://app.seniorplace.com/communities/show/c690a1a7-2899-45fb-a715-cc96220b4032,https://app.seniorplace.com/communities/show/c690a1a7-2899-45fb-a715-cc96220b4032,,,,,,,,
City View La,,"515 North La Brea Avenue, Los Angeles, Ca 90036",Los Angeles,CA,,Assisted Living Home,https://placement-crm-cdn.s3.us-west-2.amazonaws.com/_entities/communities/dde7dee16636096bb34e8c38aed6f018.jpg,,,https://app.seniorplace.com/communities/show/25a7ab81-01da-4871-9d7e-195a361e61aa,https://app.seniorplace.com/communities/show/25a7ab81-01da-4871-9d7e-195a361e61aa,https://www.seniorly.com/assisted-living/california/los-angeles/belmont-village-hollywood-hills,Belmont Village Senior Living Hollywood Hills,"2051 North Highland Avenue, Los Angeles, CA 90068","$4,650","Assisted Living , Memory Care , Independent Living",0.42,0.00,0.29
16Th Street Home Care,,"44920 16Th Street West, Lancaster, Ca 93534",Lancaster,CA,,Assisted Living Home,https://placement-crm-cdn.s3.us-west-2.amazonaws.com/_entities/communities/463841ccaddfbb200c785bcc726d0616.jpg,,,https://app.seniorplace.com/communities/show/11459fd9-e0c1-4964-8884-b6919efb054e,https://app.seniorplace.com/communities/show/11459fd9-e0c1-4964-8884-b6919efb054e,https://www.seniorly.com/assisted-living/california/lancaster/the-havens-at-antelope-valley,The Havens at Antelope Valley,"43051 15Th Street West, Lancaster, CA 93534","$4,700","Assisted Living , Memory Care",0.56,0.00,0.39
Cjs Elder Home,,"18718 Saticoy Street, Reseda, Ca 91335",Reseda,CA,,Assisted Living Home,https://placement-crm-cdn.s3.us-west-2.amazonaws.com/_entities/communities/6b7f4242300325c1be4dfa7e00b1ba46.jpg,,,https://app.seniorplace.com/communities/show/4281616b-aab5-4e2b-bb8b-bb606089c61f,https://app.seniorplace.com/communities/show/4281616b-aab5-4e2b-bb8b-bb606089c61f,,,,,,,,
1St Caring Traditions,,"3234 Tournament Drive, Palmdale, Ca 93551",Palmdale,CA,,Assisted Living Home,https://placement-crm-cdn.s3.us-west-2.amazonaws.com/_entities/communities/6dd77023257980def527a871509ddecf.jpg,,,https://app.seniorplace.com/communities/show/4648c329-f11e-4063-8809-f6519bdbbeac,https://app.seniorplace.com/communities/show/4648c329-f11e-4063-8809-f6519bdbbeac,https://www.seniorly.com/assisted-living/california/palmdale/mariposa-residential-care,The Providence Manor,"3434 Tamarisk Drive, Palmdale, CA 93551","$4,000","Assisted Living , Board and Care Home",0.50,0.00,0.35
Cjcp Rcfe,,"678 High Glen Drive, San Jose, Ca 95133",San Jose,CA,,Assisted Living Home,https://placement-crm-cdn.s3.us-west-2.amazonaws.com/_entities/communities/2997db533ceb81b4231ba1759772884d.jpg,,,https://app.seniorplace.com/communities/show/cbc65a7f-f335-4ea6-9f43-7c82a654f118,https://app.seniorplace.com/communities/show/cbc65a7f-f335-4ea6-9f43-7c82a654f118,https://www.seniorly.com/assisted-living/california/san-jose/merrill-gardens-at-willow-glen,Merrill Gardens At Willow Glen,"1420 Curci Drive, San Jose, CA 95126","$4,500","Assisted Living , Memory Care , Independent Living",0.36,0.00,0.25
1St Choice,,"4639 Glasgow Court, Antioch, Ca 94531",Antioch,CA,,Assisted Living Home,https://placement-crm-cdn.s3.us-west-2.amazonaws.com/_entities/communities/f06f383dd167ab107ac6f06dd6aadb7a.jpg,,,https://app.seniorplace.com/communities/show/81a3887d-d904-498d-9532-272e055d1314,https://app.seniorplace.com/communities/show/81a3887d-d904-498d-9532-272e055d1314,https://www.seniorly.com/assisted-living/california/antioch/sterling-estates,Sterling Estates,"5208 Judsonville Drive, Antioch, CA 94531","$5,000","Assisted Living , Board and Care Home",0.33,0.00,0.23
Ck Care Home,,"3724 Northpark Court, Concord, Ca 94519",Concord,CA,,Assisted Living Home,https://placement-crm-cdn.s3.us-west-2.amazonaws.com/_entities/communities/baa5c0d30ad097b1bb7f85dfe6415592.jpg,,,https://app.seniorplace.com/communities/show/82b03db7-d89c-47d5-9ef0-4892b53b66db,https://app.seniorplace.com/communities/show/82b03db7-d89c-47d5-9ef0-4892b53b66db,https://www.seniorly.com/assisted-living/california/concord/oakmont-of-concord,Oakmont of Concord,"1401 Civic Court, Concord, CA 94520","$6,395","Assisted Living , Memory Care",0.33,0.00,0.23
Ck Community Care,,"21322 Antigua Lane, Huntington Beach, Ca 92646",Huntington Beach,CA,,Assisted Living Home,https://placement-crm-cdn.s3.us-west-2.amazonaws.com/_entities/communities/fc2718880a0123a5828936b2be9624fe.jpg,,,https://app.seniorplace.com/communities/show/d6428d49-8614-4b3d-98d8-c497762af2db,https://app.seniorplace.com/communities/show/d6428d49-8614-4b3d-98d8-c497762af2db,https://www.seniorly.com/assisted-living/california/huntington-beach/jc-home-for-seniors-care,Jc Home For Seniors-Care,"15332 Shasta Lane, Huntington Beach, CA 92647","$4,000","Assisted Living , Board and Care Home",0.40,0.14,0.32
1St Class Board And Care,,"9524 Encino Avenue, Northridge, Ca 91325",Northridge,CA,,Assisted Living Home,https://placement-crm-cdn.s3.us-west-2.amazonaws.com/_entities/communities/978cd10d4b6a60576790da5336ee5461.jpg,,,https://app.seniorplace.com/communities/show/1a3a9fbb-4303-4f95-9a6c-ac5e0c6a3fc0,https://app.seniorplace.com/communities/show/1a3a9fbb-4303-4f95-9a6c-ac5e0c6a3fc0,https://www.seniorly.com/assisted-living/california/northridge/northridge-valley-senior-living,Northridge Valley Senior Living,"8700 Lindley Avenue, Northridge, CA 91325","$3,065","Assisted Living , Memory Care",0.50,0.00,0.35
Ck Homes Cypress Ii,,"8742 Cypress Avenue, Cypress, Ca 90630",Cypress,CA,,Assisted Living Home,https://placement-crm-cdn.s3.us-west-2.amazonaws.com/_entities/communities/62a67a77fee252bc8e79754a20abdced.jpg,,,https://app.seniorplace.com/communities/show/6d6b9e68-2381-4451-a532-375e9ae2d5ad,https://app.seniorplace.com/communities/show/6d6b9e68-2381-4451-a532-375e9ae2d5ad,https://www.seniorly.com/assisted-living/california/cypress/westmont-of-cypress,Westmont Of Cypress,"4889 Katella Avenue, Cypress, CA 90720","$5,795","Assisted Living , Memory Care , Independent Living",0.38,0.17,0.31
1St Companion Residence,,"40341 15Th Street West, Palmdale, Ca 93551",Palmdale,CA,,Assisted Living Home,https://placement-crm-cdn.s3.us-west-2.amazonaws.com/_entities/communities/b4b569c56a7e59b8177de171df824f42.jpg,,,https://app.seniorplace.com/communities/show/fa9c38cd-5df9-4d20-91c1-9369149d315f,https://app.seniorplace.com/communities/show/fa9c38cd-5df9-4d20-91c1-9369149d315f,https://www.seniorly.com/assisted-living/california/palmdale/pink-coral-residence-ii,Pink Coral Residence Ii,"40343 North 15Th Street West, Palmdale, CA 93551","$4,000","Assisted Living , Board and Care Home",0.67,0.17,0.52
1St Golden Senior Care Home,,"1117 Erwin Drive, Palmdale, Ca 93551",Palmdale,CA,,Assisted Living Home,https://placement-crm-cdn.s3.us-west-2.amazonaws.com/_entities/communities/6da268fc5b1cc34611ef7faf8777e4a1.jpg,,,https://app.seniorplace.com/communities/show/8fe84bc9-9898-48b1-895a-d6aa7c86bca3,https://app.seniorplace.com/communities/show/8fe84bc9-9898-48b1-895a-d6aa7c86bca3,https://www.seniorly.com/assisted-living/california/palmdale/mariposa-residential-care,The Providence Manor,"3434 Tamarisk Drive, Palmdale, CA 93551","$4,000","Assisted Living , Board and Care Home",0.50,0.00,0.35
1St Pacific Coast Homes Ii,,"2585 Ardee Lane, South San Francisco, Ca 94080",South San Francisco,CA,,Assisted Living Home,https://placement-crm-cdn.s3.us-west-2.amazonaws.com/_entities/communities/1498de439320f8ce7657a12597021570.jpg,,,https://app.seniorplace.com/communities/show/4f65e8ac-aa79-4d61-b982-4df67e3ca19b,https://app.seniorplace.com/communities/show/4f65e8ac-aa79-4d61-b982-4df67e3ca19b,https://www.seniorly.com/assisted-living/california/south-san-francisco/aegis-living-of-san-francisco,Aegis Living San Francisco,"2280 Gellert Boulevard, South San Francisco, CA 94080","$4,500","Assisted Living , Memory Care",0.45,0.00,0.32
Ck Homes Neptune Drive,,"8455 Neptune Drive, Buena Park, Ca 90620",Buena Park,CA,,Assisted Living Home,https://placement-crm-cdn.s3.us-west-2.amazonaws.com/_entities/communities/527e12bd7066d742925e19a2f6760adf.jpg,,,https://app.seniorplace.com/communities/show/d6a5449f-01e1-4444-946e-72d5c5f425bb,https://app.seniorplace.com/communities/show/d6a5449f-01e1-4444-946e-72d5c5f425bb,,,,,,,,
Ck Homes Cypress 1,,"8732 Cypress Avenue, Cypress, Ca 90630",Cypress,CA,,Assisted Living Home,https://placement-crm-cdn.s3.us-west-2.amazonaws.com/_entities/communities/27f0650e47de1d00f71d9db88cc84527.jpg,,,https://app.seniorplace.com/communities/show/9b6be270-0c5d-4486-af8c-25c6a619f62b,https://app.seniorplace.com/communities/show/9b6be270-0c5d-4486-af8c-25c6a619f62b,https://www.seniorly.com/assisted-living/california/cypress/westmont-of-cypress,Westmont Of Cypress,"4889 Katella Avenue, Cypress, CA 90720","$5,795","Assisted Living , Memory Care , Independent Living",0.38,0.17,0.31
Cl Home,,"9932 Ahmann Avenue, Whittier, Ca 90605",Whittier,CA,,Assisted Living Home,https://placement-crm-cdn.s3.us-west-2.amazonaws.com/_entities/communities/40cedf9607dc523575521430a2726d61.jpg,,,https://app.seniorplace.com/communities/show/351f873c-996f-4a5d-b563-db9622307bf4,https://app.seniorplace.com/communities/show/351f873c-996f-4a5d-b563-db9622307bf4,https://www.seniorly.com/assisted-living/california/whittier/oakmont-of-whittier,Oakmont Of Whittier,"13617 Whittier Boulevard, Whittier, CA 90605","$4,095","Assisted Living , Memory Care",0.38,0.00,0.26
Cl Homes Residential Care Llc Cl Home 3,,"9922 Colima Road, Whittier, Ca 90603",Whittier,CA,,Assisted Living Home,https://placement-crm-cdn.s3.us-west-2.amazonaws.com/_entities/communities/c2c7f7d4b91fa3aa1be9efdbf4c53495.jpg,,,https://app.seniorplace.com/communities/show/3ec619ae-a928-4692-b51c-0974276b38a8,https://app.seniorplace.com/communities/show/3ec619ae-a928-4692-b51c-0974276b38a8,https://www.seniorly.com/assisted-living/california/whittier/whittier-glen-assisted-living,Whittier Glen Assisted Living,"10615 Jordan Road, Whittier, CA 90603","$1,550","Assisted Living , Memory Care",0.50,0.00,0.35
2 All About Seniors,,"1474 Pompey Drive, San Jose, Ca 95128",San Jose,CA,,Assisted Living Home,https://placement-crm-cdn.s3.us-west-2.amazonaws.com/_entities/communities/7eb14b34f52fdd43c7b2a1c2a2fcf92d.jpg,,,https://app.seniorplace.com/communities/show/96d86c83-07d3-43c1-a286-7c5a7408d7ca,https://app.seniorplace.com/communities/show/96d86c83-07d3-43c1-a286-7c5a7408d7ca,https://www.seniorly.com/assisted-living/california/san-jose/merrill-gardens-at-willow-glen,Merrill Gardens At Willow Glen,"1420 Curci Drive, San Jose, CA 95126","$4,500","Assisted Living , Memory Care , Independent Living",0.40,0.00,0.28
Claire House The,,"5672 Saint Ann Avenue, Cypress, Ca 90630",Cypress,CA,,Assisted Living Home,https://placement-crm-cdn.s3.us-west-2.amazonaws.com/_entities/communities/2752a15aeef1aa8da7461c922b9e4426.jpg,,,https://app.seniorplace.com/communities/show/ac098eae-27fd-406f-b405-35bbfef69edb,https://app.seniorplace.com/communities/show/ac098eae-27fd-406f-b405-35bbfef69edb,https://www.seniorly.com/assisted-living/california/cypress/westmont-of-cypress,Westmont Of Cypress,"4889 Katella Avenue, Cypress, CA 90720","$5,795","Assisted Living , Memory Care , Independent Living",0.30,0.00,0.21
2044 W Avenue H6,,"2044 Avenue H6, Lancaster, Ca 93536",Lancaster,CA,,Assisted Living Home,https://placement-crm-cdn.s3.us-west-2.amazonaws.com/_entities/communities/95be05eaaa22720255dec511bebd1fc4.jpg,,,https://app.seniorplace.com/communities/show/bcf3dd28-0e56-4d21-8557-1d675b7d0f27,https://app.seniorplace.com/communities/show/bcf3dd28-0e56-4d21-8557-1d675b7d0f27,https://www.seniorly.com/assisted-living/california/lancaster/beyond-a-home,Beyond a Home,"6023 West Avenue L12, Lancaster, CA 93536","$4,000","Assisted Living , Board and Care Home",0.44,0.00,0.31
Claires Villa,,"39430 11Th Street West, Palmdale, Ca 93551",Palmdale,CA,,Assisted Living Home,https://placement-crm-cdn.s3.us-west-2.amazonaws.com/_entities/communities/a93f1c9cba7506fe03a328b10b94a0d5.jpg,,,https://app.seniorplace.com/communities/show/9ee7c5d2-56d4-486f-a485-450e36cf503e,https://app.seniorplace.com/communities/show/9ee7c5d2-56d4-486f-a485-450e36cf503e,https://www.seniorly.com/assisted-living/california/palmdale/pink-coral-residence-ii,Pink Coral Residence Ii,"40343 North 15Th Street West, Palmdale, CA 93551","$4,000","Assisted Living , Board and Care Home",0.50,0.00,0.35
218Th Street House Hfl Harbor Gateway Homes,,"1418 West 218Th Street, Torrance, Ca 90501",Torrance,CA,,Assisted Living Home,https://placement-crm-cdn.s3.us-west-2.amazonaws.com/_entities/communities/bcce49d3542bf449c1df3088d0d10a68.jpg,,,https://app.seniorplace.com/communities/show/429d1fc9-e318-4692-a2b6-5f28e0bd6724,https://app.seniorplace.com/communities/show/429d1fc9-e318-4692-a2b6-5f28e0bd6724,https://www.seniorly.com/assisted-living/california/torrance/hearts-of-paradise-home,Hearts Of Paradise Home,"4139 west 177th street, Torrance, CA 90504","$5,500","Assisted Living , Board and Care Home",0.40,0.00,0.28
Clairemont Guest Home,,"3476 Idlewild Way, San Diego, Ca 92117",San Diego,CA,,Assisted Living Home,https://placement-crm-cdn.s3.us-west-2.amazonaws.com/_entities/communities/db8f662fde487a0be1dd4c0f781f82b3.jpg,,,https://app.seniorplace.com/communities/show/97115c70-7d12-4ddd-9661-3e08554cddfb,https://app.seniorplace.com/communities/show/97115c70-7d12-4ddd-9661-3e08554cddfb,https://www.seniorly.com/assisted-living/california/san-diego/canyon-villas,Canyon Villas Retirement Community,"4282 Balboa Avenue, San Diego, CA 92117","$3,895","Assisted Living , Independent Living",0.40,0.00,0.28
219Th Facility,,"1563 West 219Th Street, Torrance, Ca 90501",Torrance,CA,,Assisted Living Home,https://placement-crm-cdn.s3.us-west-2.amazonaws.com/_entities/communities/5bfc4d7334bacde5c18143a53b89a847.jpg,,,https://app.seniorplace.com/communities/show/9533bbd5-0e12-477e-87a5-728537cfdc76,https://app.seniorplace.com/communities/show/9533bbd5-0e12-477e-87a5-728537cfdc76,https://www.seniorly.com/assisted-living/california/torrance/hearts-of-paradise-home,Hearts Of Paradise Home,"4139 west 177th street, Torrance, CA 90504","$5,500","Assisted Living , Board and Care Home",0.40,0.00,0.28
